season,week,player_name,position,team,opponent_team,ppr_points
2019,1,A.J. Brown,WR,TEN,CLE,13.0
2019,1,Aaron Jones,RB,GB,CHI,4.9
2019,1,Aaron Rodgers,QB,GB,CHI,12.92
2019,1,Adam Humphries,WR,TEN,CLE,1.5
2019,1,Adam Shaheen,TE,CHI,GB,1.6
2019,1,Adam Thielen,WR,MIN,ATL,13.3
2019,1,Albert Wilson,WR,MIA,BAL,3.4
2019,1,Alex Armah,RB,CAR,LA,6.1
2019,1,Alex Erickson,WR,CIN,SEA,6.8
2019,1,Alexander Mattison,RB,MIN,ATL,4.9
2019,1,Allen Hurns,WR,MIA,BAL,3.2
2019,1,Allen Robinson,WR,CHI,GB,17.2
2019,1,Alshon Jeffery,WR,PHI,WAS,22.1
2019,1,Alvin Kamara,RB,NO,HOU,23.9
2019,1,Amari Cooper,WR,DAL,NYG,22.6
2019,1,Ameer Abdullah,RB,MIN,ATL,0.8
2019,1,Andy Dalton,QB,CIN,SEA,20.72
2019,1,Anthony Levine,SS,BAL,MIA,6.0
2019,1,Anthony Miller,WR,CHI,GB,0.0
2019,1,Anthony Sherman,RB,KC,JAX,2.5
2019,1,Austin Ekeler,RB,LAC,IND,39.4
2019,1,Austin Hooper,TE,ATL,MIN,16.7
2019,1,Baker Mayfield,QB,CLE,TEN,9.4
2019,1,Ben Roethlisberger,QB,PIT,NE,9.74
2019,1,Bennie Fowler,WR,NYG,DAL,9.0
2019,1,Blake Bell,TE,KC,JAX,1.7
2019,1,Blake Jarwin,TE,DAL,NYG,12.9
2019,1,Bobo Wilson,WR,TB,SF,0.0
2019,1,Brandin Cooks,WR,LA,CAR,5.9
2019,1,Brandon Bolden,RB,NE,PIT,0.7
2019,1,Breshad Perriman,WR,TB,SF,3.0
2019,1,C.J. Anderson,RB,DET,ARI,3.5
2019,1,C.J. Uzomah,TE,CIN,SEA,10.6
2019,1,Calvin Ridley,WR,ATL,MIN,16.4
2019,1,Cam Newton,QB,CAR,LA,5.36
2019,1,Cameron Brate,TE,TB,SF,2.8
2019,1,Carlos Hyde,RB,HOU,NO,9.5
2019,1,Carson Wentz,QB,PHI,WAS,25.02
2019,1,Case Keenum,QB,WAS,PHI,27.2
2019,1,Chad Beebe,WR,MIN,ATL,1.9
2019,1,Charles Clay,TE,ARI,DET,1.5
2019,1,Chase Edmonds,RB,ARI,DET,0.5
2019,1,Chris Carson,RB,SEA,CIN,24.0
2019,1,Chris Conley,WR,JAX,KC,21.7
2019,1,Chris Godwin,WR,TB,SF,14.3
2019,1,Chris Hogan,WR,CAR,LA,0.0
2019,1,Chris Thompson,RB,WAS,PHI,14.8
2019,1,Christian Kirk,WR,ARI,DET,10.4
2019,1,Christian McCaffrey,RB,CAR,LA,42.9
2019,1,Cody Latimer,WR,NYG,DAL,10.4
2019,1,Cole Beasley,WR,BUF,NYJ,9.0
2019,1,Cooper Kupp,WR,LA,CAR,11.6
2019,1,Cordarrelle Patterson,RB,CHI,GB,1.1
2019,1,Corey Davis,WR,TEN,CLE,0.0
2019,1,Courtland Sutton,WR,DEN,LV,19.0
2019,1,Curtis Samuel,WR,CAR,LA,6.2
2019,1,D'Ernest Johnson,RB,CLE,TEN,5.6
2019,1,D.J. Chark,WR,JAX,KC,24.6
2019,1,D.J. Moore,WR,CAR,LA,12.6
2019,1,DK Metcalf,WR,SEA,CIN,12.9
2019,1,DaeSean Hamilton,WR,DEN,LV,2.5
2019,1,Dak Prescott,QB,DAL,NYG,33.4
2019,1,Dallas Goedert,TE,PHI,WAS,3.6
2019,1,Dalvin Cook,RB,MIN,ATL,26.0
2019,1,Damien Williams,RB,KC,JAX,18.5
2019,1,Damiere Byrd,WR,ARI,DET,8.2
2019,1,Damion Ratley,WR,CLE,TEN,3.7
2019,1,Damion Willis,WR,CIN,SEA,6.0
2019,1,Daniel Jones,QB,NYG,DAL,-0.82
2019,1,Danny Amendola,WR,DET,ARI,23.4
2019,1,Dante Pettis,WR,SF,TB,1.7
2019,1,Dare Ogunbowale,RB,TB,SF,7.3
2019,1,Darrell Henderson,RB,LA,CAR,0.0
2019,1,Darren Fells,TE,HOU,NO,0.0
2019,1,Darren Sproles,RB,PHI,WAS,11.3
2019,1,Darren Waller,TE,LV,DEN,14.0
2019,1,Darwin Thompson,RB,KC,JAX,1.3
2019,1,Davante Adams,WR,GB,CHI,7.6
2019,1,David Johnson,RB,ARI,DET,25.7
2019,1,David Montgomery,RB,CHI,GB,5.5
2019,1,David Njoku,TE,CLE,TEN,13.7
2019,1,Dawson Knox,TE,BUF,NYJ,1.1
2019,1,DeAndre Carter,WR,HOU,NO,0.9
2019,1,DeAndre Hopkins,WR,HOU,NO,31.1
2019,1,DeAndre Washington,RB,LV,DEN,0.8
2019,1,DeSean Jackson,WR,PHI,WAS,35.4
2019,1,DeVante Parker,WR,MIA,BAL,10.5
2019,1,Dede Westbrook,WR,JAX,KC,14.2
2019,1,Deebo Samuel,WR,SF,TB,4.7
2019,1,Delanie Walker,TE,TEN,CLE,22.5
2019,1,Demarcus Robinson,WR,KC,JAX,1.0
2019,1,Demetrius Harris,TE,CLE,TEN,0.0
2019,1,Deon Cain,WR,IND,LAC,5.5
2019,1,Derek Carr,QB,LV,DEN,14.56
2019,1,Derek Watt,FB,LAC,IND,0.4
2019,1,Derrick Henry,RB,TEN,CLE,28.9
2019,1,Derrius Guice,RB,WAS,PHI,6.8
2019,1,Deshaun Watson,QB,HOU,NO,30.72
2019,1,Devin Funchess,TE,IND,LAC,6.2
2019,1,Devin Singletary,RB,BUF,NYJ,14.8
2019,1,Devonta Freeman,RB,ATL,MIN,4.1
2019,1,Dion Lewis,RB,TEN,CLE,4.3
2019,1,Diontae Johnson,WR,PIT,NE,5.5
2019,1,Donte Moncrief,WR,PIT,NE,3.7
2019,1,Dontrell Hilliard,RB,CLE,TEN,8.8
2019,1,Dontrelle Inman,WR,LAC,IND,1.5
2019,1,Drew Brees,QB,NO,HOU,20.8
2019,1,Duke Johnson,RB,HOU,NO,13.0
2019,1,Dwayne Harris,WR,LV,DEN,1.7
2019,1,Eli Manning,QB,NYG,DAL,14.84
2019,1,Elijhaa Penny,RB,NYG,DAL,0.3
2019,1,Emmanuel Sanders,WR,DEN,LV,19.6
2019,1,Eric Ebron,TE,IND,LAC,1.8
2019,1,Evan Engram,TE,NYG,DAL,28.6
2019,1,Ezekiel Elliott,RB,DAL,NYG,13.3
2019,1,Foster Moreau,TE,LV,DEN,4.0
2019,1,Frank Gore,RB,BUF,NYJ,2.0
2019,1,Gardner Minshew,QB,JAX,KC,17.6
2019,1,Geoff Swaim,TE,JAX,KC,5.7
2019,1,George Kittle,TE,SF,TB,13.4
2019,1,Gerald Everett,TE,LA,CAR,1.7
2019,1,Giovani Bernard,RB,CIN,SEA,8.3
2019,1,Greg Olsen,TE,CAR,LA,7.6
2019,1,Gus Edwards,RB,BAL,MIA,5.6
2019,1,Hayden Hurst,TE,BAL,MIA,7.1
2019,1,Hunter Henry,TE,LAC,IND,10.0
2019,1,Hunter Renfrow,WR,LV,DEN,3.3
2019,1,Ian Thomas,TE,CAR,LA,0.0
2019,1,Ito Smith,RB,ATL,MIN,5.0
2019,1,J.D. McKissic,RB,DET,ARI,4.4
2019,1,Jack Doyle,TE,IND,LAC,3.0
2019,1,Jacoby Brissett,QB,IND,LAC,16.5
2019,1,Jakeem Grant,WR,MIA,BAL,0.7
2019,1,Jakobi Meyers,WR,NE,PIT,3.2
2019,1,Jalen Richard,RB,LV,DEN,0.3
2019,1,Jamaal Williams,RB,GB,CHI,3.5
2019,1,Jameis Winston,QB,TB,SF,7.06
2019,1,James Conner,RB,PIT,NE,10.5
2019,1,James O'Shaughnessy,TE,JAX,KC,7.2
2019,1,James Washington,WR,PIT,NE,7.1
2019,1,James White,RB,NE,PIT,13.2
2019,1,Jamison Crowder,WR,NYJ,BUF,24.3
2019,1,Jamize Olawale,FB,DAL,NYG,0.0
2019,1,Jared Cook,TE,NO,HOU,5.7
2019,1,Jared Goff,QB,LA,CAR,9.44
2019,1,Jarius Wright,WR,CAR,LA,2.4
2019,1,Jarvis Landry,WR,CLE,TEN,11.7
2019,1,Jason Witten,TE,DAL,NYG,10.5
2019,1,Javon Wims,WR,CHI,GB,0.0
2019,1,Jaylen Samuels,RB,PIT,NE,1.6
2019,1,Jeremy Sprinkle,TE,WAS,PHI,1.8
2019,1,Jesse James,TE,DET,ARI,2.5
2019,1,Jimmy Garoppolo,QB,SF,TB,10.44
2019,1,Jimmy Graham,TE,GB,CHI,12.0
2019,1,Joe Flacco,QB,DEN,LV,14.82
2019,1,Joe Mixon,RB,CIN,SEA,3.7
2019,1,John Brown,WR,BUF,NYJ,25.3
2019,1,John Ross,WR,CIN,SEA,34.8
2019,1,Johnny Holton,WR,PIT,NE,0.0
2019,1,Jonnu Smith,TE,TEN,CLE,2.7
2019,1,Jordan Akins,TE,HOU,NO,2.7
2019,1,Jordan Howard,RB,PHI,WAS,7.5
2019,1,Josh Allen,QB,BUF,NYJ,15.96
2019,1,Josh Bellamy,WR,NYJ,BUF,2.5
2019,1,Josh Gordon,WR,NE,PIT,16.3
2019,1,Josh Hill,TE,NO,HOU,0.8
2019,1,Josh Jacobs,RB,LV,DEN,24.3
2019,1,Josh Reynolds,WR,LA,CAR,0.0
2019,1,Josh Rosen,QB,MIA,BAL,-1.8
2019,1,JuJu Smith-Schuster,WR,PIT,NE,13.8
2019,1,Julian Edelman,WR,NE,PIT,16.38
2019,1,Julio Jones,WR,ATL,MIN,15.1
2019,1,Justice Hill,RB,BAL,MIA,2.7
2019,1,Justin Hardy,WR,ATL,MIN,8.1
2019,1,Justin Jackson,RB,LAC,IND,7.1
2019,1,Kalen Ballage,RB,MIA,BAL,2.2
2019,1,KeeSean Johnson,WR,ARI,DET,9.6
2019,1,Keenan Allen,WR,LAC,IND,26.3
2019,1,Kelvin Harmon,WR,WAS,PHI,5.1
2019,1,Kendrick Bourne,WR,SF,TB,1.9
2019,1,Kenny Golladay,WR,DET,ARI,14.2
2019,1,Kenny Stills,WR,HOU,NO,12.7
2019,1,Kenyan Drake,RB,MIA,BAL,4.7
2019,1,Kerryon Johnson,RB,DET,ARI,8.2
2019,1,Kirk Cousins,QB,MIN,ATL,14.32
2019,1,Kyle Rudolph,TE,MIN,ATL,0.0
2019,1,Kyler Murray,QB,ARI,DET,21.62
2019,1,Lamar Jackson,QB,BAL,MIA,33.56
2019,1,Larry Fitzgerald,WR,ARI,DET,25.3
2019,1,Latavius Murray,RB,NO,HOU,12.7
2019,1,Le'Veon Bell,RB,NYJ,BUF,23.2
2019,1,LeSean McCoy,RB,KC,JAX,10.3
2019,1,Leonard Fournette,RB,JAX,KC,11.4
2019,1,Luke Stocker,TE,ATL,MIN,0.0
2019,1,Malcolm Brown,RB,LA,CAR,17.3
2019,1,Marcedes Lewis,TE,GB,CHI,3.4
2019,1,Marcus Mariota,QB,TEN,CLE,24.32
2019,1,Mark Andrews,TE,BAL,MIA,24.8
2019,1,Mark Ingram,RB,BAL,MIA,22.7
2019,1,Mark Walton,HB,MIA,BAL,0.1
2019,1,Marlon Mack,RB,IND,LAC,25.4
2019,1,Marquez Valdes-Scantling,WR,GB,CHI,9.2
2019,1,Marquise Brown,WR,BAL,MIA,30.7
2019,1,Marquise Goodwin,WR,SF,TB,1.7
2019,1,Marvin Jones,WR,DET,ARI,10.0
2019,1,Matt Breida,RB,SF,TB,3.7
2019,1,Matt Moore,QB,KC,JAX,-0.1
2019,1,Matt Ryan,QB,ATL,MIN,18.56
2019,1,Matthew Stafford,QB,DET,ARI,27.6
2019,1,Maxx Williams,TE,ARI,DET,2.5
2019,1,Mecole Hardman,WR,KC,JAX,0.0
2019,1,Michael Gallup,WR,DAL,NYG,22.8
2019,1,Michael Thomas,WR,NO,HOU,22.3
2019,1,Mike Davis,RB,CHI,GB,9.6
2019,1,Mike Evans,WR,TB,SF,4.8
2019,1,Mike Gesicki,TE,MIA,BAL,5.1
2019,1,Mike Williams,WR,LAC,IND,4.9
2019,1,Miles Boykin,WR,BAL,MIA,7.5
2019,1,Miles Sanders,RB,PHI,WAS,3.7
2019,1,Mitchell Trubisky,QB,CHI,GB,8.22
2019,1,Mo Alie-Cox,TE,IND,LAC,1.3
2019,1,Mohamed Sanu,WR,ATL,MIN,10.7
2019,1,MyCole Pruitt,TE,TEN,CLE,0.0
2019,1,Nelson Agholor,WR,PHI,WAS,3.1
2019,1,Nick Bawden,FB,DET,ARI,1.0
2019,1,Nick Boyle,TE,BAL,MIA,5.6
2019,1,Nick Chubb,RB,CLE,TEN,11.5
2019,1,Nick Foles,QB,JAX,KC,7.0
2019,1,Nick Vannett,TE,SEA,CIN,3.6
2019,1,Noah Fant,TE,DEN,LV,4.4
2019,1,Nyheim Miller-Hines,RB,IND,LAC,5.7
2019,1,O.J. Howard,TE,TB,SF,5.2
2019,1,Odell Beckham,WR,CLE,TEN,14.1
2019,1,Parris Campbell,WR,IND,LAC,1.8
2019,1,Patrick DiMarco,FB,BUF,NYJ,2.9
2019,1,Patrick Mahomes,QB,KC,JAX,27.32
2019,1,Patrick Ricard,FB,BAL,MIA,7.1
2019,1,Paul Richardson,WR,WAS,PHI,7.6
2019,1,Peyton Barber,RB,TB,SF,6.5
2019,1,Philip Rivers,QB,LAC,IND,23.92
2019,1,Phillip Dorsett,WR,NE,PIT,25.5
2019,1,Phillip Lindsay,RB,DEN,LV,10.6
2019,1,Preston Williams,WR,MIA,BAL,11.4
2019,1,Quincy Enunwa,WR,NYJ,BUF,-1.4
2019,1,Raheem Mostert,RB,SF,TB,5.0
2019,1,Randall Cobb,WR,DAL,NYG,16.9
2019,1,Rashaad Penny,RB,SEA,CIN,1.8
2019,1,Rashard Higgins,WR,CLE,TEN,6.6
2019,1,Rex Burkhead,RB,NE,PIT,13.5
2019,1,Rhett Ellison,TE,NYG,DAL,1.8
2019,1,Richie James,WR,SF,TB,10.9
2019,1,Robbie Chosen,WR,NYJ,BUF,5.3
2019,1,Robert Griffin,QB,BAL,MIA,7.1
2019,1,Robert Tonyan,TE,GB,CHI,3.8
2019,1,Robert Woods,WR,LA,CAR,16.6
2019,1,Ronald Jones,RB,TB,SF,10.3
2019,1,Royce Freeman,RB,DEN,LV,7.1
2019,1,Russell Gage,WR,ATL,MIN,2.2
2019,1,Russell Wilson,QB,SEA,CIN,16.6
2019,1,Ryan Fitzpatrick,QB,MIA,BAL,10.2
2019,1,Ryan Grant,WR,LV,DEN,4.6
2019,1,Ryan Griffin,TE,NYJ,BUF,4.0
2019,1,Ryan Izzo,TE,NE,PIT,1.3
2019,1,Ryan Switzer,WR,PIT,NE,8.9
2019,1,Ryan Tannehill,QB,TEN,CLE,-0.2
2019,1,Ryquell Armstead,RB,JAX,KC,0.7
2019,1,Sam Darnold,QB,NYJ,BUF,13.0
2019,1,Sammy Watkins,WR,KC,JAX,46.8
2019,1,Saquon Barkley,RB,NYG,DAL,17.9
2019,1,Seth Roberts,WR,BAL,MIA,2.0
2019,1,Sony Michel,RB,NE,PIT,1.4
2019,1,Stefon Diggs,WR,MIN,ATL,5.7
2019,1,Sterling Shepard,WR,NYG,DAL,10.2
2019,1,T.J. Hockenson,TE,DET,ARI,25.1
2019,1,T.Y. Hilton,WR,IND,LAC,28.7
2019,1,Tajae Sharpe,WR,TEN,CLE,0.0
2019,1,Tarik Cohen,RB,CHI,GB,12.9
2019,1,Tavon Austin,WR,DAL,NYG,1.8
2019,1,Taylor Gabriel,WR,CHI,GB,4.4
2019,1,Taysom Hill,TE,NO,HOU,8.7
2019,1,Ted Ginn,WR,NO,HOU,17.1
2019,1,Terry McLaurin,WR,WAS,PHI,23.5
2019,1,Tevin Coleman,RB,SF,TB,7.6
2019,1,Todd Gurley,RB,LA,CAR,11.1
2019,1,Tom Brady,QB,NE,PIT,25.64
2019,1,Tommy Sweeney,TE,BUF,NYJ,5.5
2019,1,Tony Pollard,RB,DAL,NYG,2.4
2019,1,Travis Benjamin,WR,LAC,IND,3.2
2019,1,Travis Kelce,TE,KC,JAX,11.8
2019,1,Tre'Quan Smith,WR,NO,HOU,10.6
2019,1,Trevor Davis,WR,GB,CHI,3.8
2019,1,Trey Quinn,WR,WAS,PHI,13.3
2019,1,Ty Johnson,RB,DET,ARI,0.6
2019,1,Ty Montgomery,WR,NYJ,BUF,0.4
2019,1,Tyler Boyd,WR,CIN,SEA,14.3
2019,1,Tyler Eifert,TE,CIN,SEA,7.7
2019,1,Tyler Higbee,TE,LA,CAR,12.0
2019,1,Tyler Lockett,WR,SEA,CIN,11.4
2019,1,Tyreek Hill,WR,KC,JAX,4.1
2019,1,Tyrell Williams,WR,LV,DEN,22.5
2019,1,Tyrod Taylor,QB,LAC,IND,0.0
2019,1,Vance McDonald,TE,PIT,NE,6.0
2019,1,Vernon Davis,TE,WAS,PHI,15.9
2019,1,Virgil Green,TE,LAC,IND,1.4
2019,1,Wayne Gallman,RB,NYG,DAL,13.1
2019,1,Will Dissly,TE,SEA,CIN,2.2
2019,1,Will Fuller,WR,HOU,NO,8.9
2019,1,Willie Snead,WR,BAL,MIA,12.1
2019,1,Zach Ertz,TE,PHI,WAS,10.4
2019,1,Zay Jones,WR,BUF,NYJ,3.8
2019,2,A.J. Brown,WR,TEN,IND,5.5
2019,2,Aaron Jones,RB,GB,MIN,25.0
2019,2,Aaron Rodgers,QB,GB,MIN,14.36
2019,2,Adam Humphries,WR,TEN,IND,2.0
2019,2,Adam Shaheen,TE,CHI,DEN,5.4
2019,2,Adam Thielen,WR,MIN,GB,12.5
2019,2,Adrian Peterson,RB,WAS,DAL,11.2
2019,2,Alex Erickson,WR,CIN,SF,2.4
2019,2,Alexander Mattison,RB,MIN,GB,2.5
2019,2,Allen Hurns,WR,MIA,NE,2.3
2019,2,Allen Robinson,WR,CHI,DEN,8.1
2019,2,Alvin Kamara,RB,NO,LA,7.0
2019,2,Amari Cooper,WR,DAL,WAS,14.4
2019,2,Ameer Abdullah,RB,MIN,GB,0.2
2019,2,Andy Dalton,QB,CIN,SF,18.64
2019,2,Anthony Miller,WR,CHI,DEN,1.2
2019,2,Antonio Brown,WR,NE,MIA,16.1
2019,2,Auden Tate,WR,CIN,SF,1.6
2019,2,Austin Ekeler,RB,LAC,DET,23.3
2019,2,Austin Hooper,TE,ATL,PHI,7.4
2019,2,Baker Mayfield,QB,CLE,NYJ,15.0
2019,2,Ben Braunecker,TE,CHI,DEN,4.4
2019,2,Ben Roethlisberger,QB,PIT,SEA,3.0
2019,2,Bennie Fowler,WR,NYG,BUF,12.1
2019,2,Benny Snell,RB,PIT,SEA,2.3
2019,2,Blake Bell,TE,KC,LV,0.0
2019,2,Blake Jarwin,TE,DAL,WAS,3.2
2019,2,Brandin Cooks,WR,LA,NO,16.6
2019,2,Breshad Perriman,WR,TB,CAR,0.0
2019,2,C.J. Anderson,RB,DET,LAC,0.8
2019,2,C.J. Ham,FB,MIN,GB,0.0
2019,2,C.J. Prosise,RB,SEA,PIT,5.0
2019,2,Calvin Ridley,WR,ATL,PHI,24.5
2019,2,Cam Newton,QB,CAR,TB,11.32
2019,2,Cameron Brate,TE,TB,CAR,3.0
2019,2,Carlos Hyde,RB,HOU,JAX,9.0
2019,2,Carson Wentz,QB,PHI,ATL,17.54
2019,2,Case Keenum,QB,WAS,DAL,16.74
2019,2,Chad Beebe,WR,MIN,GB,7.1
2019,2,Charles Clay,TE,ARI,BAL,1.6
2019,2,Chase Edmonds,RB,ARI,BAL,3.7
2019,2,Chester Rogers,WR,IND,TEN,5.4
2019,2,Chris Carson,RB,SEA,PIT,9.7
2019,2,Chris Conley,WR,JAX,HOU,11.3
2019,2,Chris Godwin,WR,TB,CAR,26.1
2019,2,Chris Hogan,WR,CAR,TB,2.2
2019,2,Chris Thompson,RB,WAS,DAL,10.1
2019,2,Christian Kirk,WR,ARI,BAL,17.4
2019,2,Christian McCaffrey,RB,CAR,TB,7.3
2019,2,Cody Core,WR,NYG,BUF,5.8
2019,2,Cody Latimer,WR,NYG,BUF,6.0
2019,2,Cole Beasley,WR,BUF,NYG,12.3
2019,2,Cooper Kupp,WR,LA,NO,17.6
2019,2,Cordarrelle Patterson,RB,CHI,DEN,5.0
2019,2,Corey Davis,WR,TEN,IND,6.8
2019,2,Courtland Sutton,WR,DEN,CHI,8.0
2019,2,Curtis Samuel,WR,CAR,TB,14.3
2019,2,D'Ernest Johnson,RB,CLE,NYJ,8.0
2019,2,D.J. Chark,WR,JAX,HOU,18.5
2019,2,D.J. Moore,WR,CAR,TB,17.9
2019,2,DK Metcalf,WR,SEA,PIT,15.1
2019,2,DaeSean Hamilton,WR,DEN,CHI,3.5
2019,2,Dak Prescott,QB,DAL,WAS,27.66
2019,2,Dalvin Cook,RB,MIN,GB,28.1
2019,2,Damien Williams,RB,KC,LV,8.6
2019,2,Damiere Byrd,WR,ARI,BAL,10.5
2019,2,Damion Ratley,WR,CLE,NYJ,7.0
2019,2,Damion Willis,WR,CIN,SF,1.6
2019,2,Danny Amendola,WR,DET,LAC,0.0
2019,2,Dante Pettis,WR,SF,CIN,0.64
2019,2,Dare Ogunbowale,RB,TB,CAR,1.9
2019,2,Darius Jennings,WR,TEN,IND,2.1
2019,2,Darren Fells,TE,HOU,JAX,1.9
2019,2,Darren Sproles,RB,PHI,ATL,2.5
2019,2,Darren Waller,TE,LV,KC,12.3
2019,2,Darwin Thompson,RB,KC,LV,0.1
2019,2,Davante Adams,WR,GB,MIN,17.6
2019,2,David Johnson,RB,ARI,BAL,8.4
2019,2,David Montgomery,RB,CHI,DEN,13.8
2019,2,David Njoku,TE,CLE,NYJ,0.0
2019,2,David Quessenberry,T,TEN,IND,7.1
2019,2,Dawson Knox,TE,BUF,NYG,2.8
2019,2,De'Anthony Thomas,WR,KC,LV,1.6
2019,2,DeAndre Hopkins,WR,HOU,JAX,9.0
2019,2,DeAndre Washington,RB,LV,KC,5.5
2019,2,DeVante Parker,WR,MIA,NE,0.0
2019,2,Dede Westbrook,WR,JAX,HOU,1.3
2019,2,Deebo Samuel,WR,SF,CIN,20.3
2019,2,Delanie Walker,TE,TEN,IND,7.9
2019,2,Demarcus Robinson,WR,KC,LV,35.2
2019,2,Demaryius Thomas,WR,NYJ,CLE,0.9
2019,2,Demetrius Harris,TE,CLE,NYJ,1.4
2019,2,Deon Cain,WR,IND,TEN,0.0
2019,2,Deonte Harty,WR,NO,LA,0.3
2019,2,Derek Carr,QB,LV,KC,9.72
2019,2,Derek Carrier,TE,LV,KC,6.3
2019,2,Derek Watt,FB,LAC,DET,1.3
2019,2,Derrick Henry,RB,TEN,IND,17.4
2019,2,Deshaun Watson,QB,HOU,JAX,12.86
2019,2,Devin Singletary,RB,BUF,NYG,11.7
2019,2,Devin Smith,WR,DAL,WAS,16.4
2019,2,Devonta Freeman,RB,ATL,PHI,9.4
2019,2,Dion Lewis,RB,TEN,IND,2.4
2019,2,Diontae Johnson,WR,PIT,SEA,2.7
2019,2,Donte Moncrief,WR,PIT,SEA,0.0
2019,2,Dontrelle Inman,WR,LAC,DET,3.8
2019,2,Drew Brees,QB,NO,LA,-0.48
2019,2,Drew Sample,TE,CIN,SF,4.5
2019,2,Duke Johnson,RB,HOU,JAX,3.1
2019,2,Durham Smythe,TE,MIA,NE,3.4
2019,2,Eli Manning,QB,NYG,BUF,10.2
2019,2,Emmanuel Sanders,WR,DEN,CHI,28.8
2019,2,Eric Ebron,TE,IND,TEN,11.5
2019,2,Evan Engram,TE,NYG,BUF,10.8
2019,2,Ezekiel Elliott,RB,DAL,WAS,20.0
2019,2,Frank Gore,RB,BUF,NYG,16.3
2019,2,Gardner Minshew,QB,JAX,HOU,16.12
2019,2,Geoff Swaim,TE,JAX,HOU,4.4
2019,2,George Kittle,TE,SF,CIN,8.4
2019,2,Gerald Everett,TE,LA,NO,5.1
2019,2,Geronimo Allison,WR,GB,MIN,10.5
2019,2,Giovani Bernard,RB,CIN,SF,2.3
2019,2,Greg Olsen,TE,CAR,TB,17.0
2019,2,Gus Edwards,RB,BAL,ARI,1.1
2019,2,Hayden Hurst,TE,BAL,ARI,7.1
2019,2,Hunter Renfrow,WR,LV,KC,7.0
2019,2,Irv Smith,TE,MIN,GB,0.9
2019,2,Isaiah McKenzie,WR,BUF,NYG,12.4
2019,2,Ito Smith,RB,ATL,PHI,6.5
2019,2,J.D. McKissic,RB,DET,LAC,0.2
2019,2,J.J. Arcega-Whiteside,WR,PHI,ATL,1.4
2019,2,Jack Doyle,TE,IND,TEN,4.1
2019,2,Jacoby Brissett,QB,IND,TEN,16.34
2019,2,Jake Kumerow,WR,GB,MIN,2.2
2019,2,Jakeem Grant,WR,MIA,NE,4.8
2019,2,Jalen Richard,RB,LV,KC,2.5
2019,2,Jamaal Williams,RB,GB,MIN,13.1
2019,2,Jameis Winston,QB,TB,CAR,13.22
2019,2,James Conner,RB,PIT,SEA,13.5
2019,2,James Develin,FB,NE,MIA,0.3
2019,2,James O'Shaughnessy,TE,JAX,HOU,6.8
2019,2,James Washington,WR,PIT,SEA,4.3
2019,2,James White,RB,NE,MIA,11.9
2019,2,Jamison Crowder,WR,NYJ,CLE,8.0
2019,2,Jared Cook,TE,NO,LA,4.5
2019,2,Jared Goff,QB,LA,NO,19.12
2019,2,Jarius Wright,WR,CAR,TB,3.5
2019,2,Jarvis Landry,WR,CLE,NYJ,6.2
2019,2,Jason Witten,TE,DAL,WAS,12.5
2019,2,Jaylen Samuels,RB,PIT,SEA,4.1
2019,2,Jeff Heuerman,TE,DEN,CHI,6.1
2019,2,Jeffery Wilson,RB,SF,CIN,15.4
2019,2,Jeremy Sprinkle,TE,WAS,DAL,2.1
2019,2,Jesse James,TE,DET,LAC,4.8
2019,2,Jimmy Garoppolo,QB,SF,CIN,22.64
2019,2,Jimmy Graham,TE,GB,MIN,0.0
2019,2,Joe Flacco,QB,DEN,CHI,15.68
2019,2,Joe Mixon,RB,CIN,SF,5.7
2019,2,John Brown,WR,BUF,NYG,14.2
2019,2,John Ross,WR,CIN,SF,21.2
2019,2,Johnny Holton,WR,PIT,SEA,0.0
2019,2,Jordan Akins,TE,HOU,JAX,4.5
2019,2,Jordan Howard,RB,PHI,ATL,3.6
2019,2,Jordan Wilkins,RB,IND,TEN,9.6
2019,2,Josh Allen,QB,BUF,NYG,22.22
2019,2,Josh Bellamy,WR,NYJ,CLE,1.5
2019,2,Josh Gordon,WR,NE,MIA,3.9
2019,2,Josh Jacobs,RB,LV,KC,9.9
2019,2,Josh McCown,QB,PHI,ATL,0.96
2019,2,Josh Reynolds,WR,LA,NO,0.0
2019,2,Josh Rosen,QB,MIA,NE,1.88
2019,2,JuJu Smith-Schuster,WR,PIT,SEA,13.4
2019,2,Julian Edelman,WR,NE,MIA,9.2
2019,2,Julio Jones,WR,ATL,PHI,27.6
2019,2,Justice Hill,RB,BAL,ARI,2.4
2019,2,Justin Hardy,WR,ATL,PHI,0.0
2019,2,Justin Jackson,RB,LAC,DET,7.4
2019,2,Kalen Ballage,RB,MIA,NE,2.2
2019,2,KeeSean Johnson,WR,ARI,BAL,6.1
2019,2,Keenan Allen,WR,LAC,DET,17.8
2019,2,Keke Coutee,WR,HOU,JAX,2.7
2019,2,Kendrick Bourne,WR,SF,CIN,1.4
2019,2,Kenny Golladay,WR,DET,LAC,25.7
2019,2,Kenny Stills,WR,HOU,JAX,5.8
2019,2,Kenyan Drake,RB,MIA,NE,9.8
2019,2,Kerryon Johnson,RB,DET,LAC,16.8
2019,2,Kirk Cousins,QB,MIN,GB,8.9
2019,2,Kyle Juszczyk,FB,SF,CIN,2.1
2019,2,Kyle Rudolph,TE,MIN,GB,3.9
2019,2,Kyler Murray,QB,ARI,BAL,16.36
2019,2,Lamar Jackson,QB,BAL,ARI,30.88
2019,2,Larry Fitzgerald,WR,ARI,BAL,15.4
2019,2,Latavius Murray,RB,NO,LA,3.3
2019,2,Le'Veon Bell,RB,NYJ,CLE,20.9
2019,2,LeSean McCoy,RB,KC,LV,5.3
2019,2,Lee Smith,TE,BUF,NYG,1.8
2019,2,Leonard Fournette,RB,JAX,HOU,12.7
2019,2,Logan Thomas,TE,DET,LAC,1.7
2019,2,Luke Falk,QB,NYJ,CLE,7.92
2019,2,Luke Stocker,TE,ATL,PHI,1.4
2019,2,Mack Hollins,WR,PHI,ATL,10.0
2019,2,Malcolm Brown,RB,LA,NO,5.7
2019,2,Malik Turner,WR,SEA,PIT,8.4
2019,2,Marcedes Lewis,TE,GB,MIN,0.0
2019,2,Marcus Mariota,QB,TEN,IND,13.36
2019,2,Mark Andrews,TE,BAL,ARI,25.2
2019,2,Mark Ingram,RB,BAL,ARI,9.7
2019,2,Mark Walton,HB,MIA,NE,3.7
2019,2,Marlon Mack,RB,IND,TEN,8.3
2019,2,Marquez Valdes-Scantling,WR,GB,MIN,4.9
2019,2,Marquise Brown,WR,BAL,ARI,16.6
2019,2,Marquise Goodwin,WR,SF,CIN,16.7
2019,2,Marvin Jones,WR,DET,LAC,9.3
2019,2,Mason Rudolph,QB,PIT,SEA,11.18
2019,2,Matt Breida,RB,SF,CIN,14.2
2019,2,Matt LaCosse,TE,NE,MIA,5.3
2019,2,Matt Ryan,QB,ATL,PHI,19.1
2019,2,Matthew Stafford,QB,DET,LAC,15.1
2019,2,Maxx Williams,TE,ARI,BAL,3.1
2019,2,Mecole Hardman,WR,KC,LV,16.1
2019,2,Michael Crabtree,WR,ARI,BAL,3.3
2019,2,Michael Gallup,WR,DAL,WAS,12.8
2019,2,Michael Thomas,WR,NO,LA,18.9
2019,2,Mike Davis,RB,CHI,DEN,0.1
2019,2,Mike Evans,WR,TB,CAR,10.1
2019,2,Mike Gesicki,TE,MIA,NE,2.1
2019,2,Mike Williams,WR,LAC,DET,11.3
2019,2,Miles Boykin,WR,BAL,ARI,2.1
2019,2,Miles Sanders,RB,PHI,ATL,6.7
2019,2,Mitchell Trubisky,QB,CHI,DEN,5.6
2019,2,Mo Alie-Cox,TE,IND,TEN,0.0
2019,2,Mohamed Sanu,WR,ATL,PHI,5.6
2019,2,Nelson Agholor,WR,PHI,ATL,24.7
2019,2,Nick Boyle,TE,BAL,ARI,2.4
2019,2,Nick Chubb,RB,CLE,NYJ,19.8
2019,2,Nick O'Leary,TE,MIA,NE,1.6
2019,2,Nick Vannett,TE,SEA,PIT,2.3
2019,2,Noah Fant,TE,DEN,CHI,7.3
2019,2,Nyheim Miller-Hines,RB,IND,TEN,2.4
2019,2,Odell Beckham,WR,CLE,NYJ,28.1
2019,2,Parris Campbell,WR,IND,TEN,8.2
2019,2,Patrick DiMarco,FB,BUF,NYG,1.4
2019,2,Patrick Mahomes,QB,KC,LV,31.62
2019,2,Patrick Ricard,FB,BAL,ARI,1.3
2019,2,Paul Richardson,WR,WAS,DAL,10.6
2019,2,Peyton Barber,RB,TB,CAR,15.9
2019,2,Pharaoh Brown,TE,CLE,NYJ,0.0
2019,2,Philip Rivers,QB,LAC,DET,10.92
2019,2,Phillip Dorsett,WR,NE,MIA,6.9
2019,2,Phillip Lindsay,RB,DEN,CHI,10.6
2019,2,Preston Williams,WR,MIA,NE,10.3
2019,2,Raheem Mostert,RB,SF,CIN,24.1
2019,2,Randall Cobb,WR,DAL,WAS,8.5
2019,2,Rashaad Penny,RB,SEA,PIT,13.5
2019,2,Rex Burkhead,RB,NE,MIA,8.8
2019,2,Rhett Ellison,TE,NYG,BUF,1.8
2019,2,Richie James,WR,SF,CIN,1.7
2019,2,Robbie Chosen,WR,NYJ,CLE,12.1
2019,2,Robert Foster,WR,BUF,NYG,0.0
2019,2,Robert Woods,WR,LA,NO,6.2
2019,2,Ronald Jones,RB,TB,CAR,0.9
2019,2,Royce Freeman,RB,DEN,CHI,15.2
2019,2,Russell Gage,WR,ATL,PHI,0.0
2019,2,Russell Shepard,WR,NYG,BUF,3.9
2019,2,Russell Wilson,QB,SEA,PIT,24.2
2019,2,Ryan Fitzpatrick,QB,MIA,NE,-1.84
2019,2,Ryan Grant,WR,LV,KC,0.8
2019,2,Ryan Griffin,TE,NYJ,CLE,0.0
2019,2,Ryan Switzer,WR,PIT,SEA,1.0
2019,2,Sammy Watkins,WR,KC,LV,10.9
2019,2,Saquon Barkley,RB,NYG,BUF,22.5
2019,2,Sony Michel,RB,NE,MIA,12.3
2019,2,Stefon Diggs,WR,MIN,GB,9.9
2019,2,Steven Sims,WR,WAS,DAL,2.9
2019,2,T.J. Hockenson,TE,DET,LAC,1.7
2019,2,T.J. Jones,WR,NYG,BUF,12.8
2019,2,T.Y. Hilton,WR,IND,TEN,14.3
2019,2,Tajae Sharpe,WR,TEN,IND,4.4
2019,2,Tarik Cohen,RB,CHI,DEN,4.5
2019,2,Taylor Gabriel,WR,CHI,DEN,3.5
2019,2,Taysom Hill,TE,NO,LA,3.6
2019,2,Taywan Taylor,WR,CLE,NYJ,0.0
2019,2,Teddy Bridgewater,QB,NO,LA,7.1
2019,2,Terry McLaurin,WR,WAS,DAL,17.2
2019,2,Todd Gurley,RB,LA,NO,15.7
2019,2,Tom Brady,QB,NE,MIA,24.66
2019,2,Tommy Sweeney,TE,BUF,NYG,0.0
2019,2,Tony Pollard,RB,DAL,WAS,3.5
2019,2,Travis Benjamin,WR,LAC,DET,0.0
2019,2,Travis Kelce,TE,KC,LV,23.7
2019,2,Tre'Quan Smith,WR,NO,LA,7.9
2019,2,Trevor Siemian,QB,NYJ,CLE,0.12
2019,2,Trey Burton,TE,CHI,DEN,2.5
2019,2,Trey Quinn,WR,WAS,DAL,7.6
2019,2,Troy Fumagalli,TE,DEN,CHI,1.7
2019,2,Ty Johnson,RB,DET,LAC,5.6
2019,2,Ty Montgomery,WR,NYJ,CLE,7.0
2019,2,Tyler Boyd,WR,CIN,SF,22.2
2019,2,Tyler Eifert,TE,CIN,SF,9.9
2019,2,Tyler Higbee,TE,LA,NO,4.1
2019,2,Tyler Lockett,WR,SEA,PIT,17.9
2019,2,Tyrell Williams,WR,LV,KC,15.6
2019,2,Vance McDonald,TE,PIT,SEA,22.8
2019,2,Vernon Davis,TE,WAS,DAL,5.9
2019,2,Virgil Green,TE,LAC,DET,1.9
2019,2,Wayne Gallman,RB,NYG,BUF,0.0
2019,2,Wendell Smallwood,RB,WAS,DAL,3.3
2019,2,Will Dissly,TE,SEA,PIT,22.0
2019,2,Will Fuller,WR,HOU,JAX,8.0
2019,2,Willie Snead,WR,BAL,ARI,1.5
2019,2,Xavier Grimble,TE,PIT,SEA,0.0
2019,2,Zach Ertz,TE,PHI,ATL,17.2
2019,2,Zach Line,FB,NO,LA,0.0
2019,2,Zay Jones,WR,BUF,NYG,2.4
2019,3,A.J. Brown,WR,TEN,JAX,1.4
2019,3,Aaron Jones,RB,GB,DEN,15.3
2019,3,Aaron Rodgers,QB,GB,DEN,13.3
2019,3,Adam Humphries,WR,TEN,JAX,15.3
2019,3,Adam Shaheen,TE,CHI,WAS,1.7
2019,3,Adam Thielen,WR,MIN,LV,20.6
2019,3,Adrian Peterson,RB,WAS,CHI,4.4
2019,3,Alex Armah,RB,CAR,ARI,1.6
2019,3,Alex Erickson,WR,CIN,BUF,2.3
2019,3,Alexander Mattison,RB,MIN,LV,11.8
2019,3,Allen Hurns,WR,MIA,DAL,1.6
2019,3,Allen Robinson,WR,CHI,WAS,12.0
2019,3,Alvin Kamara,RB,NO,SEA,37.1
2019,3,Amari Cooper,WR,DAL,MIA,26.8
2019,3,Ameer Abdullah,RB,MIN,LV,0.0
2019,3,Andrew Beck,FB,DEN,GB,0.0
2019,3,Andy Dalton,QB,CIN,BUF,16.1
2019,3,Anthony Miller,WR,CHI,WAS,2.5
2019,3,Antony Auclair,TE,TB,NYG,0.0
2019,3,Arthur Maulet,CB,NYJ,NE,6.0
2019,3,Auden Tate,WR,CIN,BUF,12.8
2019,3,Austin Ekeler,RB,LAC,HOU,15.1
2019,3,Austin Hooper,TE,ATL,IND,24.6
2019,3,Baker Mayfield,QB,CLE,LA,9.7
2019,3,Bennie Fowler,WR,NYG,TB,1.5
2019,3,Benny Snell,RB,PIT,SF,0.6
2019,3,Blake Bell,TE,KC,BAL,1.1
2019,3,Blake Jarwin,TE,DAL,MIA,1.3
2019,3,Bobo Wilson,WR,TB,NYG,0.0
2019,3,Brandin Cooks,WR,LA,CLE,20.0
2019,3,Brandon Bolden,RB,NE,NYJ,3.9
2019,3,Braxton Berrios,WR,NYJ,NE,4.9
2019,3,Breshad Perriman,WR,TB,NYG,2.9
2019,3,Byron Pringle,WR,KC,BAL,1.7
2019,3,C.J. Ham,FB,MIN,LV,1.0
2019,3,C.J. Prosise,RB,SEA,NO,9.3
2019,3,C.J. Uzomah,TE,CIN,BUF,0.0
2019,3,Calvin Ridley,WR,ATL,IND,1.6
2019,3,Cameron Brate,TE,TB,NYG,2.7
2019,3,Carlos Hyde,RB,HOU,LAC,7.9
2019,3,Carson Wentz,QB,PHI,DET,21.66
2019,3,Case Keenum,QB,WAS,CHI,11.58
2019,3,Cedrick Wilson,WR,DAL,MIA,0.0
2019,3,Charles Clay,TE,ARI,CAR,1.9
2019,3,Chase Edmonds,RB,ARI,CAR,3.5
2019,3,Chris Carson,RB,SEA,NO,4.0
2019,3,Chris Conley,WR,JAX,TEN,5.0
2019,3,Chris Godwin,WR,TB,NYG,7.0
2019,3,Chris Hogan,WR,CAR,ARI,1.6
2019,3,Chris Thompson,RB,WAS,CHI,14.8
2019,3,Christian Kirk,WR,ARI,CAR,15.9
2019,3,Christian McCaffrey,RB,CAR,ARI,27.8
2019,3,Cole Beasley,WR,BUF,CIN,14.8
2019,3,Cooper Kupp,WR,LA,CLE,33.1
2019,3,Cordarrelle Patterson,RB,CHI,WAS,3.0
2019,3,Corey Davis,WR,TEN,JAX,7.4
2019,3,Courtland Sutton,WR,DEN,GB,13.7
2019,3,Curtis Samuel,WR,CAR,ARI,16.3
2019,3,D.J. Chark,WR,JAX,TEN,17.6
2019,3,D.J. Moore,WR,CAR,ARI,13.4
2019,3,DK Metcalf,WR,SEA,NO,8.7
2019,3,Dak Prescott,QB,DAL,MIA,22.54
2019,3,Dallas Goedert,TE,PHI,DET,0.0
2019,3,Dalvin Cook,RB,MIN,LV,24.3
2019,3,Damiere Byrd,WR,ARI,CAR,2.9
2019,3,Damion Ratley,WR,CLE,LA,5.6
2019,3,Dan Vitale,FB,GB,DEN,3.7
2019,3,Daniel Jones,QB,NYG,TB,34.24
2019,3,Danny Amendola,WR,DET,PHI,7.7
2019,3,Dante Pettis,WR,SF,PIT,12.0
2019,3,Dare Ogunbowale,RB,TB,NYG,5.3
2019,3,Darius Jennings,WR,TEN,JAX,0.0
2019,3,Darius Slayton,WR,NYG,TB,11.2
2019,3,Darrel Williams,RB,KC,BAL,15.9
2019,3,Darren Fells,TE,HOU,LAC,15.9
2019,3,Darren Sproles,RB,PHI,DET,0.4
2019,3,Darren Waller,TE,LV,MIN,27.1
2019,3,Darwin Thompson,RB,KC,BAL,0.8
2019,3,Davante Adams,WR,GB,DEN,9.6
2019,3,David Johnson,RB,ARI,CAR,18.5
2019,3,David Montgomery,RB,CHI,WAS,11.1
2019,3,David Moore,WR,SEA,NO,3.9
2019,3,Dawson Knox,TE,BUF,CIN,16.6
2019,3,DeAndre Hopkins,WR,HOU,LAC,12.7
2019,3,DeAndre Washington,RB,LV,MIN,2.2
2019,3,DeVante Parker,WR,MIA,DAL,8.6
2019,3,Dede Westbrook,WR,JAX,TEN,10.0
2019,3,Deebo Samuel,WR,SF,PIT,7.4
2019,3,Delanie Walker,TE,TEN,JAX,13.4
2019,3,Demarcus Robinson,WR,KC,BAL,13.3
2019,3,Demetrius Harris,TE,CLE,LA,7.2
2019,3,Deon Cain,WR,IND,ATL,2.0
2019,3,Deonte Harty,WR,NO,NO,6.0
2019,3,Derek Carr,QB,LV,MIN,15.68
2019,3,Derek Watt,FB,LAC,HOU,-0.1
2019,3,Derrick Henry,RB,TEN,JAX,11.6
2019,3,Deshaun Watson,QB,HOU,LAC,25.84
2019,3,Devin Smith,WR,DAL,MIA,5.9
2019,3,Devonta Freeman,RB,ATL,IND,12.5
2019,3,Dion Lewis,RB,TEN,JAX,3.0
2019,3,Diontae Johnson,WR,PIT,SF,14.8
2019,3,Dontrelle Inman,WR,LAC,HOU,3.3
2019,3,Duke Johnson,RB,HOU,LAC,4.4
2019,3,Durham Smythe,TE,MIA,DAL,0.0
2019,3,Emmanuel Sanders,WR,DEN,GB,3.0
2019,3,Eric Ebron,TE,IND,ATL,7.7
2019,3,Evan Engram,TE,NYG,TB,23.3
2019,3,Ezekiel Elliott,RB,DAL,MIA,15.9
2019,3,Foster Moreau,TE,LV,MIN,1.1
2019,3,Frank Gore,RB,BUF,CIN,16.9
2019,3,Gardner Minshew,QB,JAX,TEN,17.96
2019,3,Geoff Swaim,TE,JAX,TEN,1.8
2019,3,George Kittle,TE,SF,PIT,11.7
2019,3,Gerald Everett,TE,LA,CLE,3.5
2019,3,Geronimo Allison,WR,GB,DEN,0.9
2019,3,Giovani Bernard,RB,CIN,BUF,3.2
2019,3,Greg Olsen,TE,CAR,ARI,25.5
2019,3,Gus Edwards,RB,BAL,KC,8.8
2019,3,Hayden Hurst,TE,BAL,KC,3.4
2019,3,Hunter Renfrow,WR,LV,MIN,5.8
2019,3,Irv Smith,TE,MIN,LV,9.0
2019,3,Isaiah McKenzie,WR,BUF,CIN,2.9
2019,3,Ito Smith,RB,ATL,IND,0.0
2019,3,J.D. McKissic,RB,DET,PHI,4.4
2019,3,J.J. Arcega-Whiteside,WR,PHI,DET,2.0
2019,3,J.J. Nelson,WR,LV,MIN,13.6
2019,3,Jack Doyle,TE,IND,ATL,8.6
2019,3,Jacoby Brissett,QB,IND,ATL,20.8
2019,3,Jakeem Grant,WR,MIA,DAL,7.1
2019,3,Jakobi Meyers,WR,NE,NYJ,5.8
2019,3,Jalen Richard,RB,LV,MIN,5.9
2019,3,Jamaal Williams,RB,GB,DEN,10.6
2019,3,Jamal Agnew,WR,DET,PHI,6.0
2019,3,Jameis Winston,QB,TB,NYG,25.5
2019,3,James Conner,RB,PIT,SF,7.7
2019,3,James O'Shaughnessy,TE,JAX,TEN,9.8
2019,3,James Washington,WR,PIT,SF,3.4
2019,3,Jamison Crowder,WR,NYJ,NE,4.5
2019,3,Jared Cook,TE,NO,SEA,1.7
2019,3,Jared Goff,QB,LA,CLE,14.12
2019,3,Jarius Wright,WR,CAR,ARI,5.8
2019,3,Jaron Brown,WR,SEA,NO,6.0
2019,3,Jarrett Stidham,QB,NE,NYJ,-1.44
2019,3,Jarvis Landry,WR,CLE,LA,9.2
2019,3,Jason Witten,TE,DAL,MIA,8.4
2019,3,Javon Wims,WR,CHI,WAS,1.8
2019,3,Jeff Heuerman,TE,DEN,GB,4.0
2019,3,Jeffery Wilson,RB,SF,PIT,13.8
2019,3,Jeremy Sprinkle,TE,WAS,CHI,3.9
2019,3,Jesse James,TE,DET,PHI,2.3
2019,3,Jimmy Garoppolo,QB,SF,PIT,9.38
2019,3,Jimmy Graham,TE,GB,DEN,0.0
2019,3,Joe Flacco,QB,DEN,GB,5.02
2019,3,Joe Mixon,RB,CIN,BUF,17.4
2019,3,John Brown,WR,BUF,CIN,9.5
2019,3,John Ross,WR,CIN,BUF,2.2
2019,3,Johnny Holton,WR,PIT,SF,0.9
2019,3,Jonnu Smith,TE,TEN,JAX,4.0
2019,3,Jordan Akins,TE,HOU,LAC,22.3
2019,3,Jordan Howard,RB,PHI,DET,9.7
2019,3,Jordan Wilkins,RB,IND,ATL,-0.2
2019,3,Josh Allen,QB,BUF,CIN,18.32
2019,3,Josh Gordon,WR,NE,NYJ,14.4
2019,3,Josh Hill,TE,NO,SEA,1.4
2019,3,Josh Jacobs,RB,LV,MIN,4.4
2019,3,Josh Reynolds,WR,LA,CLE,0.0
2019,3,Josh Rosen,QB,MIA,DAL,9.3
2019,3,JuJu Smith-Schuster,WR,PIT,SF,17.1
2019,3,Julian Edelman,WR,NE,NYJ,19.2
2019,3,Julio Jones,WR,ATL,IND,26.8
2019,3,Justice Hill,RB,BAL,KC,0.1
2019,3,Justin Hardy,WR,ATL,IND,1.6
2019,3,Justin Jackson,RB,LAC,HOU,7.0
2019,3,Kalen Ballage,RB,MIA,DAL,3.7
2019,3,KeeSean Johnson,WR,ARI,CAR,4.3
2019,3,Keenan Allen,WR,LAC,HOU,43.6
2019,3,Kendrick Bourne,WR,SF,PIT,3.2
2019,3,Kenjon Barner,RB,ATL,IND,1.4
2019,3,Kenny Golladay,WR,DET,PHI,3.7
2019,3,Kenny Stills,WR,HOU,LAC,12.9
2019,3,Kenyan Drake,RB,MIA,DAL,8.2
2019,3,Kerryon Johnson,RB,DET,PHI,11.3
2019,3,Kirk Cousins,QB,MIN,LV,12.56
2019,3,Kyle Allen,QB,CAR,ARI,24.34
2019,3,Kyle Juszczyk,FB,SF,PIT,8.1
2019,3,Kyle Rudolph,TE,MIN,LV,2.1
2019,3,Kyler Murray,QB,ARI,CAR,17.82
2019,3,Lamar Jackson,QB,BAL,KC,21.28
2019,3,Lance Kendricks,TE,LAC,HOU,2.3
2019,3,Larry Fitzgerald,WR,ARI,CAR,14.6
2019,3,Latavius Murray,RB,NO,SEA,0.2
2019,3,Le'Veon Bell,RB,NYJ,NE,10.3
2019,3,LeSean McCoy,RB,KC,BAL,23.0
2019,3,Lee Smith,TE,BUF,CIN,0.0
2019,3,Leonard Fournette,RB,JAX,TEN,15.2
2019,3,Logan Thomas,TE,DET,PHI,2.5
2019,3,Luke Falk,QB,NYJ,NE,1.92
2019,3,Luke Stocker,TE,ATL,IND,4.2
2019,3,Mack Hollins,WR,PHI,DET,10.2
2019,3,Malcolm Brown,RB,LA,CLE,0.7
2019,3,Malik Turner,WR,SEA,NO,3.9
2019,3,Marcedes Lewis,TE,GB,DEN,2.9
2019,3,Marcus Mariota,QB,TEN,JAX,15.56
2019,3,Mark Andrews,TE,BAL,KC,4.5
2019,3,Mark Ingram,RB,BAL,KC,35.5
2019,3,Marlon Mack,RB,IND,ATL,16.8
2019,3,Marquez Valdes-Scantling,WR,GB,DEN,21.9
2019,3,Marquise Brown,WR,BAL,KC,6.9
2019,3,Marquise Goodwin,WR,SF,PIT,6.1
2019,3,Marvin Jones,WR,DET,PHI,22.1
2019,3,Mason Rudolph,QB,PIT,SF,14.46
2019,3,Matt Breida,RB,SF,PIT,10.8
2019,3,Matt Ryan,QB,ATL,IND,22.46
2019,3,Matthew Stafford,QB,DET,PHI,12.14
2019,3,Mecole Hardman,WR,KC,BAL,18.4
2019,3,Michael Crabtree,WR,ARI,CAR,2.9
2019,3,Michael Thomas,WR,NO,SEA,16.4
2019,3,Mike Boone,RB,MIN,LV,2.8
2019,3,Mike Davis,RB,CHI,WAS,0.2
2019,3,Mike Evans,WR,TB,NYG,45.0
2019,3,Mike Gesicki,TE,MIA,DAL,3.9
2019,3,Mike Williams,WR,LAC,HOU,7.5
2019,3,Miles Boykin,WR,BAL,KC,0.0
2019,3,Miles Sanders,RB,PHI,DET,12.6
2019,3,Mitchell Trubisky,QB,CHI,WAS,19.44
2019,3,Mo Alie-Cox,TE,IND,ATL,4.5
2019,3,Mohamed Sanu,WR,ATL,IND,13.7
2019,3,Nelson Agholor,WR,PHI,DET,23.0
2019,3,Nick Bawden,FB,DET,PHI,2.0
2019,3,Nick Boyle,TE,BAL,KC,9.8
2019,3,Nick Chubb,RB,CLE,LA,17.1
2019,3,Nick O'Leary,TE,MIA,DAL,2.9
2019,3,Nick Vannett,TE,SEA,NO,1.9
2019,3,Noah Fant,TE,DEN,GB,4.7
2019,3,Nyheim Miller-Hines,RB,IND,ATL,5.9
2019,3,O.J. Howard,TE,TB,NYG,9.6
2019,3,Odell Beckham,WR,CLE,LA,11.6
2019,3,Parris Campbell,WR,IND,ATL,5.4
2019,3,Patrick Mahomes,QB,KC,BAL,27.86
2019,3,Paul Richardson,WR,WAS,CHI,22.3
2019,3,Peyton Barber,RB,TB,NYG,7.5
2019,3,Philip Rivers,QB,LAC,HOU,19.62
2019,3,Phillip Dorsett,WR,NE,NYJ,18.5
2019,3,Phillip Lindsay,RB,DEN,GB,29.0
2019,3,Preston Williams,WR,MIA,DAL,10.8
2019,3,Raheem Mostert,RB,SF,PIT,5.9
2019,3,Randall Cobb,WR,DAL,MIA,4.3
2019,3,Reggie Bonnafon,RB,CAR,ARI,0.5
2019,3,Rex Burkhead,RB,NE,NYJ,18.9
2019,3,Rhett Ellison,TE,NYG,TB,1.3
2019,3,Richie James,WR,SF,PIT,4.2
2019,3,Ricky Seals-Jones,TE,CLE,LA,2.4
2019,3,Robbie Chosen,WR,NYJ,NE,4.1
2019,3,Robert Foster,WR,BUF,CIN,0.0
2019,3,Robert Tonyan,TE,GB,DEN,1.4
2019,3,Robert Woods,WR,LA,CLE,8.8
2019,3,Ronald Jones,RB,TB,NYG,13.1
2019,3,Royce Freeman,RB,DEN,GB,11.3
2019,3,Russell Shepard,WR,NYG,TB,1.6
2019,3,Russell Wilson,QB,SEA,NO,41.34
2019,3,Ryan Fitzpatrick,QB,MIA,DAL,1.16
2019,3,Ryan Griffin,TE,NYJ,NE,1.5
2019,3,Ryan Izzo,TE,NE,NYJ,5.1
2019,3,Sammy Watkins,WR,KC,BAL,11.4
2019,3,Saquon Barkley,RB,NYG,TB,7.7
2019,3,Sean Culkin,TE,LAC,HOU,0.0
2019,3,Sean Mannion,QB,MIN,LV,-0.2
2019,3,Seth Roberts,WR,BAL,KC,5.7
2019,3,Sony Michel,RB,NE,NYJ,7.1
2019,3,Stefon Diggs,WR,MIN,LV,4.5
2019,3,Sterling Shepard,WR,NYG,TB,27.1
2019,3,Steven Sims,WR,WAS,CHI,4.4
2019,3,T.J. Hockenson,TE,DET,PHI,1.1
2019,3,T.J. Yeldon,RB,BUF,CIN,4.9
2019,3,T.Y. Hilton,WR,IND,ATL,20.5
2019,3,Tajae Sharpe,WR,TEN,JAX,9.0
2019,3,Tarik Cohen,RB,CHI,WAS,4.4
2019,3,Taylor Gabriel,WR,CHI,WAS,32.2
2019,3,Taysom Hill,TE,NO,SEA,2.0
2019,3,Ted Ginn,WR,NO,SEA,3.5
2019,3,Teddy Bridgewater,QB,NO,SEA,16.28
2019,3,Terry McLaurin,WR,WAS,CHI,19.0
2019,3,Todd Gurley,RB,LA,CLE,4.3
2019,3,Tom Brady,QB,NE,NYJ,20.14
2019,3,Tommy Sweeney,TE,BUF,CIN,1.3
2019,3,Tony Pollard,RB,DAL,MIA,21.8
2019,3,Travis Benjamin,WR,LAC,HOU,2.5
2019,3,Travis Kelce,TE,KC,BAL,15.9
2019,3,Trent Sherfield,WR,ARI,CAR,0.0
2019,3,Trey Burton,TE,CHI,WAS,6.0
2019,3,Trey Quinn,WR,WAS,CHI,8.0
2019,3,Ty Johnson,RB,DET,PHI,1.5
2019,3,Ty Montgomery,WR,NYJ,NE,0.1
2019,3,Tyler Boyd,WR,CIN,BUF,12.8
2019,3,Tyler Eifert,TE,CIN,BUF,2.8
2019,3,Tyler Lockett,WR,SEA,NO,32.4
2019,3,Tyrell Williams,WR,LV,MIN,11.9
2019,3,Vance McDonald,TE,PIT,SF,2.0
2019,3,Vernon Davis,TE,WAS,CHI,5.0
2019,3,Wayne Gallman,RB,NYG,TB,1.3
2019,3,Will Dissly,TE,SEA,NO,18.2
2019,3,Will Fuller,WR,HOU,LAC,10.1
2019,3,Willie Snead,WR,BAL,KC,7.7
2019,3,Xavier Grimble,TE,PIT,SF,1.3
2019,3,Zach Ertz,TE,PHI,DET,10.4
2019,3,Zach Line,FB,NO,SEA,0.0
2019,3,Zach Pascal,WR,IND,ATL,13.3
2019,3,Zay Jones,WR,BUF,CIN,5.3
2019,4,A.J. Brown,WR,TEN,ATL,24.4
2019,4,Aaron Jones,RB,GB,PHI,17.8
2019,4,Aaron Rodgers,QB,GB,PHI,25.48
2019,4,Adam Humphries,WR,TEN,ATL,3.5
2019,4,Adam Shaheen,TE,CHI,MIN,3.3
2019,4,Adam Thielen,WR,MIN,CHI,2.6
2019,4,Adrian Peterson,RB,WAS,NYG,2.8
2019,4,Alec Ingold,FB,LV,IND,0.1
2019,4,Alexander Mattison,RB,MIN,CHI,2.3
2019,4,Allen Robinson,WR,CHI,MIN,14.7
2019,4,Alshon Jeffery,WR,PHI,GB,12.8
2019,4,Alvin Kamara,RB,NO,DAL,11.9
2019,4,Amari Cooper,WR,DAL,NO,9.8
2019,4,Ameer Abdullah,RB,MIN,CHI,3.4
2019,4,Andre Patton,WR,LAC,MIA,4.2
2019,4,Andre Roberts,WR,BUF,NE,1.6
2019,4,Andy Dalton,QB,CIN,PIT,3.64
2019,4,Andy Isabella,WR,ARI,SEA,0.5
2019,4,Anthony Miller,WR,CHI,MIN,3.1
2019,4,Auden Tate,WR,CIN,PIT,9.0
2019,4,Austin Ekeler,RB,LAC,MIA,29.2
2019,4,Austin Hooper,TE,ATL,TEN,22.0
2019,4,Baker Mayfield,QB,CLE,BAL,15.78
2019,4,Bennie Fowler,WR,NYG,WAS,1.3
2019,4,Benny Snell,RB,PIT,CIN,0.1
2019,4,Blake Jarwin,TE,DAL,NO,7.9
2019,4,Bobo Wilson,WR,TB,LA,2.4
2019,4,Brandin Cooks,WR,LA,TB,13.1
2019,4,Brandon Bolden,RB,NE,BUF,6.4
2019,4,Breshad Perriman,WR,TB,LA,0.0
2019,4,Byron Pringle,WR,KC,DET,2.3
2019,4,C.J. Ham,FB,MIN,CHI,4.0
2019,4,C.J. Prosise,RB,SEA,ARI,6.4
2019,4,C.J. Uzomah,TE,CIN,PIT,0.0
2019,4,Calvin Ridley,WR,ATL,TEN,6.2
2019,4,Cameron Brate,TE,TB,LA,12.6
2019,4,Carlos Hyde,RB,HOU,CAR,10.4
2019,4,Carson Wentz,QB,PHI,GB,19.7
2019,4,Case Keenum,QB,WAS,NYG,-0.52
2019,4,Charles Clay,TE,ARI,SEA,1.3
2019,4,Chase Daniel,QB,CHI,MIN,12.2
2019,4,Chase Edmonds,RB,ARI,SEA,3.7
2019,4,Chester Rogers,WR,IND,LV,13.8
2019,4,Chris Carson,RB,SEA,ARI,18.5
2019,4,Chris Conley,WR,JAX,DEN,2.7
2019,4,Chris Godwin,WR,TB,LA,41.2
2019,4,Chris Hogan,WR,CAR,HOU,1.6
2019,4,Chris Moore,WR,BAL,CLE,0.0
2019,4,Chris Thompson,RB,WAS,NYG,10.0
2019,4,Christian Kirk,WR,ARI,SEA,8.3
2019,4,Christian McCaffrey,RB,CAR,HOU,33.9
2019,4,Cole Beasley,WR,BUF,NE,14.5
2019,4,Cooper Kupp,WR,LA,TB,26.9
2019,4,Cordarrelle Patterson,RB,CHI,MIN,1.7
2019,4,Corey Davis,WR,TEN,ATL,20.1
2019,4,Courtland Sutton,WR,DEN,JAX,24.2
2019,4,Curtis Samuel,WR,CAR,HOU,6.3
2019,4,D.J. Chark,WR,JAX,DEN,8.4
2019,4,D.J. Moore,WR,CAR,HOU,7.4
2019,4,DK Metcalf,WR,SEA,ARI,1.6
2019,4,DaeSean Hamilton,WR,DEN,JAX,8.7
2019,4,Dak Prescott,QB,DAL,NO,7.62
2019,4,Dallas Goedert,TE,PHI,GB,9.6
2019,4,Dalvin Cook,RB,MIN,CHI,19.0
2019,4,Damion Ratley,WR,CLE,BAL,2.0
2019,4,Damion Willis,WR,CIN,PIT,1.8
2019,4,Dan Vitale,FB,GB,PHI,3.8
2019,4,Daniel Jones,QB,NYG,WAS,12.3
2019,4,Dare Ogunbowale,RB,TB,LA,4.6
2019,4,Darius Jennings,WR,TEN,ATL,1.6
2019,4,Darius Slayton,WR,NYG,WAS,3.3
2019,4,Darrel Williams,RB,KC,DET,18.6
2019,4,Darren Fells,TE,HOU,CAR,2.2
2019,4,Darren Sproles,RB,PHI,GB,0.4
2019,4,Darren Waller,TE,LV,IND,12.3
2019,4,Davante Adams,WR,GB,PHI,28.0
2019,4,David Johnson,RB,ARI,SEA,21.9
2019,4,David Montgomery,RB,CHI,MIN,9.7
2019,4,David Moore,WR,SEA,ARI,1.9
2019,4,Dawson Knox,TE,BUF,NE,8.8
2019,4,DeAndre Hopkins,WR,HOU,CAR,7.1
2019,4,DeAndre Washington,RB,LV,IND,4.6
2019,4,DeVante Parker,WR,MIA,LAC,17.0
2019,4,Dede Westbrook,WR,JAX,DEN,11.6
2019,4,Delanie Walker,TE,TEN,ATL,1.4
2019,4,Demarcus Robinson,WR,KC,DET,7.5
2019,4,Deon Cain,WR,IND,LV,0.0
2019,4,Deon Yelder,TE,KC,DET,6.3
2019,4,Deonte Harty,WR,NO,DAL,1.0
2019,4,Derek Carr,QB,LV,IND,13.46
2019,4,Derek Watt,FB,LAC,MIA,3.1
2019,4,Derrick Henry,RB,TEN,ATL,11.8
2019,4,Deshaun Watson,QB,HOU,CAR,11.6
2019,4,Devin Smith,WR,DAL,NO,0.0
2019,4,Devonta Freeman,RB,ATL,TEN,18.0
2019,4,Dion Lewis,RB,TEN,ATL,6.0
2019,4,Diontae Johnson,WR,PIT,CIN,17.7
2019,4,Diontae Spencer,WR,DEN,JAX,1.8
2019,4,Dontrell Hilliard,RB,CLE,BAL,13.4
2019,4,Dontrelle Inman,WR,LAC,MIA,12.6
2019,4,Duke Johnson,RB,HOU,CAR,9.8
2019,4,Dwayne Haskins,QB,WAS,NYG,0.580000000000001
2019,4,Elijhaa Penny,RB,NYG,WAS,1.2
2019,4,Emmanuel Sanders,WR,DEN,JAX,15.4
2019,4,Eric Ebron,TE,IND,LV,11.8
2019,4,Evan Engram,TE,NYG,WAS,9.4
2019,4,Ezekiel Elliott,RB,DAL,NO,16.5
2019,4,Foster Moreau,TE,LV,IND,12.0
2019,4,Frank Gore,RB,BUF,NE,10.9
2019,4,Gardner Minshew,QB,JAX,DEN,16.72
2019,4,Geoff Swaim,TE,JAX,DEN,4.7
2019,4,Gerald Everett,TE,LA,TB,15.4
2019,4,Geremy Davis,WR,LAC,MIA,4.5
2019,4,Geronimo Allison,WR,GB,PHI,14.9
2019,4,Giovani Bernard,RB,CIN,PIT,5.9
2019,4,Greg Olsen,TE,CAR,HOU,2.5
2019,4,Gus Edwards,RB,BAL,CLE,4.6
2019,4,Hayden Hurst,TE,BAL,CLE,5.9
2019,4,Hunter Renfrow,WR,LV,IND,3.8
2019,4,Irv Smith,TE,MIN,CHI,1.5
2019,4,Isaiah Ford,WR,MIA,LAC,2.9
2019,4,Ito Smith,RB,ATL,TEN,11.1
2019,4,J.D. McKissic,RB,DET,KC,5.1
2019,4,J.P. Holtz,TE,CHI,MIN,1.7
2019,4,Jack Doyle,TE,IND,LV,12.2
2019,4,Jacoby Brissett,QB,IND,LV,22.5
2019,4,Jakeem Grant,WR,MIA,LAC,1.4
2019,4,Jalen Richard,RB,LV,IND,2.8
2019,4,Jamaal Williams,RB,GB,PHI,1.0
2019,4,Jameis Winston,QB,TB,LA,29.3
2019,4,James Conner,RB,PIT,CIN,26.5
2019,4,James O'Shaughnessy,TE,JAX,DEN,8.8
2019,4,James Washington,WR,PIT,CIN,0.0
2019,4,James White,RB,NE,BUF,13.8
2019,4,Jared Cook,TE,NO,DAL,5.1
2019,4,Jared Goff,QB,LA,TB,20.68
2019,4,Jarius Wright,WR,CAR,HOU,10.9
2019,4,Jaron Brown,WR,SEA,ARI,8.0
2019,4,Jarvis Landry,WR,CLE,BAL,24.7
2019,4,Jason Witten,TE,DAL,NO,7.0
2019,4,Javon Wims,WR,CHI,MIN,9.6
2019,4,Jaylen Samuels,RB,PIT,CIN,23.54
2019,4,Jeremy Sprinkle,TE,WAS,NYG,3.0
2019,4,Jesse James,TE,DET,KC,0.0
2019,4,Jimmy Graham,TE,GB,PHI,18.1
2019,4,Joe Flacco,QB,DEN,JAX,22.02
2019,4,Joe Mixon,RB,CIN,PIT,10.3
2019,4,John Brown,WR,BUF,NE,11.9
2019,4,John Ross,WR,CIN,PIT,6.6
2019,4,Jon Hilliman,RB,NYG,WAS,1.3
2019,4,Jonnu Smith,TE,TEN,ATL,1.5
2019,4,Jordan Akins,TE,HOU,CAR,5.1
2019,4,Jordan Howard,RB,PHI,GB,32.5
2019,4,Jordan Wilkins,RB,IND,LV,3.8
2019,4,Josh Allen,QB,BUF,NE,8.72
2019,4,Josh Gordon,WR,NE,BUF,7.6
2019,4,Josh Hill,TE,NO,DAL,5.9
2019,4,Josh Jacobs,RB,LV,IND,12.8
2019,4,Josh Reynolds,WR,LA,TB,3.2
2019,4,Josh Rosen,QB,MIA,LAC,9.2
2019,4,JuJu Smith-Schuster,WR,PIT,CIN,4.5
2019,4,Julian Edelman,WR,NE,BUF,7.0
2019,4,Julio Jones,WR,ATL,TEN,9.3
2019,4,Justice Hill,RB,BAL,CLE,3.7
2019,4,Justin Watson,WR,TB,LA,2.3
2019,4,Kalen Ballage,RB,MIA,LAC,0.7
2019,4,KeeSean Johnson,WR,ARI,SEA,3.9
2019,4,Keelan Cole,WR,JAX,DEN,2.9
2019,4,Keelan Doss,WR,LV,IND,2.4
2019,4,Keenan Allen,WR,LAC,MIA,9.8
2019,4,Keke Coutee,WR,HOU,CAR,3.1
2019,4,Kelvin Harmon,WR,WAS,NYG,3.4
2019,4,Kenny Golladay,WR,DET,KC,23.7
2019,4,Kenny Stills,WR,HOU,CAR,4.4
2019,4,Kenyan Drake,RB,MIA,LAC,10.3
2019,4,Kerryon Johnson,RB,DET,KC,15.7
2019,4,Kirk Cousins,QB,MIN,CHI,7.32
2019,4,Kyle Allen,QB,CAR,HOU,3.28
2019,4,Kyle Rudolph,TE,MIN,CHI,2.2
2019,4,Kyler Murray,QB,ARI,SEA,16.34
2019,4,Lamar Jackson,QB,BAL,CLE,24.48
2019,4,Lance Kendricks,TE,LAC,MIA,5.7
2019,4,Larry Fitzgerald,WR,ARI,SEA,9.7
2019,4,Latavius Murray,RB,NO,DAL,3.0
2019,4,LeSean McCoy,RB,KC,DET,16.9
2019,4,Leonard Fournette,RB,JAX,DEN,26.5
2019,4,Lil'Jordan Humphrey,WR,NO,DAL,0.0
2019,4,Logan Thomas,TE,DET,KC,5.5
2019,4,Luke Stocker,TE,ATL,TEN,0.0
2019,4,Luke Willson,TE,SEA,ARI,4.6
2019,4,Mack Hollins,WR,PHI,GB,2.3
2019,4,Malcolm Brown,RB,LA,TB,1.4
2019,4,Marcedes Lewis,TE,GB,PHI,3.9
2019,4,Marcus Mariota,QB,TEN,ATL,23.28
2019,4,Mark Andrews,TE,BAL,CLE,13.1
2019,4,Mark Ingram,RB,BAL,CLE,8.1
2019,4,Mark Walton,HB,MIA,LAC,5.4
2019,4,Marlon Mack,RB,IND,LV,3.9
2019,4,Marqise Lee,WR,JAX,DEN,1.5
2019,4,Marquez Valdes-Scantling,WR,GB,PHI,7.7
2019,4,Marquise Brown,WR,BAL,CLE,6.2
2019,4,Marvin Hall,WR,DET,KC,6.7
2019,4,Marvin Jones,WR,DET,KC,10.7
2019,4,Mason Rudolph,QB,PIT,CIN,16.86
2019,4,Matt Barkley,QB,BUF,NE,3.08
2019,4,Matt Ryan,QB,ATL,TEN,15.68
2019,4,Matt Slater,WR,NE,NE,6.0
2019,4,Matthew Stafford,QB,DET,KC,23.44
2019,4,Maxx Williams,TE,ARI,SEA,3.1
2019,4,Mecole Hardman,WR,KC,DET,2.9
2019,4,Michael Thomas,WR,NO,DAL,18.5
2019,4,Mike Evans,WR,TB,LA,18.9
2019,4,Miles Boykin,WR,BAL,CLE,12.2
2019,4,Miles Sanders,RB,PHI,GB,7.2
2019,4,Mitchell Trubisky,QB,CHI,MIN,0.36
2019,4,Mohamed Sanu,WR,ATL,TEN,18.1
2019,4,Nelson Agholor,WR,PHI,GB,0.0
2019,4,Nick Bawden,FB,DET,KC,1.4
2019,4,Nick Boyle,TE,BAL,CLE,1.9
2019,4,Nick Chubb,RB,CLE,BAL,39.3
2019,4,Nick O'Leary,TE,MIA,LAC,1.9
2019,4,Nick Vannett,TE,PIT,CIN,4.8
2019,4,Noah Fant,TE,DEN,JAX,11.1
2019,4,Nyheim Miller-Hines,RB,IND,LV,10.5
2019,4,O.J. Howard,TE,TB,LA,6.3
2019,4,Odell Beckham,WR,CLE,BAL,4.0
2019,4,Olabisi Johnson,WR,MIN,CHI,7.5
2019,4,Parris Campbell,WR,IND,LV,5.5
2019,4,Patrick Mahomes,QB,KC,DET,18.0
2019,4,Paul Richardson,WR,WAS,NYG,4.4
2019,4,Peyton Barber,RB,TB,LA,7.9
2019,4,Pharaoh Brown,TE,CLE,BAL,2.8
2019,4,Philip Rivers,QB,LAC,MIA,20.4
2019,4,Phillip Dorsett,WR,NE,BUF,3.9
2019,4,Phillip Lindsay,RB,DEN,JAX,7.0
2019,4,Preston Williams,WR,MIA,LAC,8.6
2019,4,Randall Cobb,WR,DAL,NO,7.1
2019,4,Rex Burkhead,RB,NE,BUF,1.7
2019,4,Rhett Ellison,TE,NYG,WAS,5.4
2019,4,Ricky Seals-Jones,TE,CLE,BAL,17.2
2019,4,Robert Davis,WR,WAS,NYG,2.1
2019,4,Robert Tonyan,TE,GB,PHI,2.1
2019,4,Robert Woods,WR,LA,TB,29.4
2019,4,Ronald Jones,RB,TB,LA,15.2
2019,4,Royce Freeman,RB,DEN,JAX,9.0
2019,4,Russell Wilson,QB,SEA,ARI,14.3
2019,4,Ryquell Armstead,RB,JAX,DEN,11.9
2019,4,Sammy Watkins,WR,KC,DET,6.4
2019,4,Scott Miller,WR,TB,LA,0.0
2019,4,Sean Culkin,TE,LAC,MIA,2.2
2019,4,Seth Roberts,WR,BAL,CLE,7.6
2019,4,Sony Michel,RB,NE,BUF,6.3
2019,4,Stefon Diggs,WR,MIN,CHI,15.8
2019,4,Sterling Shepard,WR,NYG,WAS,16.9
2019,4,T.J. Hockenson,TE,DET,KC,11.7
2019,4,T.J. Yeldon,RB,BUF,NE,10.8
2019,4,Tarik Cohen,RB,CHI,MIN,9.8
2019,4,Tavon Austin,WR,DAL,NO,1.8
2019,4,Taysom Hill,TE,NO,DAL,1.6
2019,4,Ted Ginn,WR,NO,DAL,4.9
2019,4,Teddy Bridgewater,QB,NO,DAL,6.52
2019,4,Todd Gurley,RB,LA,TB,26.0
2019,4,Tom Brady,QB,NE,BUF,3.7
2019,4,Travis Kelce,TE,KC,DET,15.5
2019,4,Trent Sherfield,WR,ARI,SEA,2.5
2019,4,Trevor Davis,WR,LV,IND,13.4
2019,4,Trey Burton,TE,CHI,MIN,3.6
2019,4,Trey Quinn,WR,WAS,NYG,3.0
2019,4,Troymaine Pope,RB,LAC,MIA,11.4
2019,4,Ty Johnson,RB,DET,KC,2.4
2019,4,Tyler Boyd,WR,CIN,PIT,6.3
2019,4,Tyler Eifert,TE,CIN,PIT,4.7
2019,4,Tyler Higbee,TE,LA,TB,8.1
2019,4,Tyler Lockett,WR,SEA,ARI,9.1
2019,4,Tyrell Williams,WR,LV,IND,12.6
2019,4,Tyrod Taylor,QB,LAC,MIA,0.18
2019,4,Vernon Davis,TE,WAS,NYG,1.5
2019,4,Wayne Gallman,RB,NYG,WAS,27.8
2019,4,Wendell Smallwood,RB,WAS,NYG,2.4
2019,4,Will Dissly,TE,SEA,ARI,18.7
2019,4,Will Fuller,WR,HOU,CAR,5.3
2019,4,Willie Snead,WR,BAL,CLE,14.1
2019,4,Zach Ertz,TE,PHI,GB,13.5
2019,4,Zach Line,FB,NO,DAL,1.3
2019,4,Zach Pascal,WR,IND,LV,11.2
2019,4,Zay Jones,WR,BUF,NE,2.4
2019,5,A.J. Brown,WR,TEN,BUF,4.7
2019,5,Aaron Jones,RB,GB,DAL,49.2
2019,5,Aaron Rodgers,QB,GB,DAL,9.42
2019,5,Adam Humphries,WR,TEN,BUF,7.0
2019,5,Adam Thielen,WR,MIN,NYG,32.0
2019,5,Adrian Peterson,RB,WAS,NE,1.8
2019,5,Alec Ingold,FB,LV,CHI,0.3
2019,5,Alex Armah,RB,CAR,JAX,1.4
2019,5,Alex Erickson,WR,CIN,ARI,1.7
2019,5,Alexander Mattison,RB,MIN,NYG,5.2
2019,5,Allen Robinson,WR,CHI,LV,28.7
2019,5,Alshon Jeffery,WR,PHI,NYJ,11.2
2019,5,Alvin Kamara,RB,NO,TB,16.92
2019,5,Amari Cooper,WR,DAL,GB,39.6
2019,5,Ameer Abdullah,RB,MIN,NYG,2.4
2019,5,Andre Roberts,WR,BUF,TEN,0.7
2019,5,Andrew Beck,FB,DEN,LAC,2.0
2019,5,Andy Dalton,QB,CIN,ARI,18.98
2019,5,Andy Isabella,WR,ARI,CIN,1.1
2019,5,Anthony Miller,WR,CHI,LV,9.2
2019,5,Anthony Sherman,RB,KC,IND,0.2
2019,5,Antonio Callaway,WR,CLE,SF,0.0
2019,5,Auden Tate,WR,CIN,ARI,11.6
2019,5,Austin Ekeler,RB,LAC,DEN,24.3
2019,5,Austin Hooper,TE,ATL,HOU,13.6
2019,5,Baker Mayfield,QB,CLE,SF,-2.0
2019,5,Bilal Powell,RB,NYJ,PHI,0.4
2019,5,Bobo Wilson,WR,TB,NO,2.1
2019,5,Brandin Cooks,WR,LA,SEA,6.6
2019,5,Brandon Bolden,RB,NE,WAS,11.2
2019,5,Byron Pringle,WR,KC,IND,22.3
2019,5,C.J. Ham,FB,MIN,NYG,0.9
2019,5,C.J. Uzomah,TE,CIN,ARI,3.6
2019,5,Calvin Ridley,WR,ATL,HOU,19.8
2019,5,Cameron Brate,TE,TB,NO,2.1
2019,5,Carlos Hyde,RB,HOU,ATL,12.0
2019,5,Carson Wentz,QB,PHI,NYJ,12.06
2019,5,Charles Clay,TE,ARI,CIN,3.7
2019,5,Chase Daniel,QB,CHI,LV,13.44
2019,5,Chase Edmonds,RB,ARI,CIN,17.6
2019,5,Chester Rogers,WR,IND,KC,0.0
2019,5,Chris Carson,RB,SEA,LA,19.3
2019,5,Chris Conley,WR,JAX,CAR,3.6
2019,5,Chris Godwin,WR,TB,NO,31.5
2019,5,Chris Thompson,RB,WAS,NE,8.8
2019,5,Christian McCaffrey,RB,CAR,JAX,47.7
2019,5,Cody Latimer,WR,NYG,MIN,0.0
2019,5,Cole Beasley,WR,BUF,TEN,5.1
2019,5,Colt McCoy,QB,WAS,NE,4.28
2019,5,Cooper Kupp,WR,LA,SEA,26.7
2019,5,Cordarrelle Patterson,RB,CHI,LV,0.5
2019,5,Corey Davis,WR,TEN,BUF,4.8
2019,5,Courtland Sutton,WR,DEN,LAC,19.2
2019,5,Curtis Samuel,WR,CAR,JAX,7.4
2019,5,D'Ernest Johnson,RB,CLE,SF,1.6
2019,5,D.J. Chark,WR,JAX,CAR,36.4
2019,5,D.J. Moore,WR,CAR,JAX,15.1
2019,5,DK Metcalf,WR,SEA,LA,12.4
2019,5,Dak Prescott,QB,DAL,GB,23.22
2019,5,Dallas Goedert,TE,PHI,NYJ,2.1
2019,5,Dalvin Cook,RB,MIN,NYG,25.8
2019,5,Damien Williams,RB,KC,IND,6.8
2019,5,Damion Ratley,WR,CLE,SF,0.0
2019,5,Damion Willis,WR,CIN,ARI,7.8
2019,5,Dan Vitale,FB,GB,DAL,1.9
2019,5,Daniel Jones,QB,NYG,MIN,10.48
2019,5,Dante Pettis,WR,SF,CLE,2.1
2019,5,Dare Ogunbowale,RB,TB,NO,4.3
2019,5,Darius Slayton,WR,NYG,MIN,16.2
2019,5,Darren Fells,TE,HOU,ATL,16.0
2019,5,Darren Sproles,RB,PHI,NYJ,0.4
2019,5,Darren Waller,TE,LV,CHI,7.9
2019,5,David Fales,QB,NYJ,PHI,0.0
2019,5,David Johnson,RB,ARI,CIN,18.6
2019,5,David Montgomery,RB,CHI,LV,10.6
2019,5,David Moore,WR,SEA,LA,8.0
2019,5,Dawson Knox,TE,BUF,TEN,3.2
2019,5,DeAndre Hopkins,WR,HOU,ATL,15.8
2019,5,DeAndre Washington,RB,LV,CHI,12.6
2019,5,Dede Westbrook,WR,JAX,CAR,15.2
2019,5,Deebo Samuel,WR,SF,CLE,1.3
2019,5,Delanie Walker,TE,TEN,BUF,2.0
2019,5,Demarcus Robinson,WR,KC,IND,6.1
2019,5,Demaryius Thomas,WR,NYJ,PHI,8.7
2019,5,Demetrius Harris,TE,CLE,SF,1.0
2019,5,Deon Cain,WR,IND,KC,1.7
2019,5,Derek Carr,QB,LV,CHI,7.96
2019,5,Derek Carrier,TE,LV,CHI,4.2
2019,5,Derek Watt,FB,LAC,DEN,1.8
2019,5,Derrick Henry,RB,TEN,BUF,13.8
2019,5,Deshaun Watson,QB,HOU,ATL,41.74
2019,5,Desmond King,CB,LAC,LAC,6.0
2019,5,Devlin Hodges,QB,PIT,BAL,4.72
2019,5,Devonta Freeman,RB,ATL,HOU,18.0
2019,5,Dion Lewis,RB,TEN,BUF,5.0
2019,5,Diontae Johnson,WR,PIT,BAL,7.7
2019,5,Diontae Spencer,WR,DEN,LAC,0.9
2019,5,Duke Johnson,RB,HOU,ATL,7.7
2019,5,Duke Williams,WR,BUF,TEN,12.9
2019,5,Elijhaa Penny,RB,NYG,MIN,3.4
2019,5,Emmanuel Sanders,WR,DEN,LAC,1.9
2019,5,Eric Ebron,TE,IND,KC,1.8
2019,5,Erik Harris,FS,LV,CHI,0.4
2019,5,Evan Engram,TE,NYG,MIN,10.7
2019,5,Ezekiel Elliott,RB,DAL,GB,17.1
2019,5,Foster Moreau,TE,LV,CHI,8.6
2019,5,Frank Gore,RB,BUF,TEN,8.9
2019,5,Gardner Minshew,QB,JAX,CAR,21.16
2019,5,Garrett Gilbert,QB,CLE,SF,0.0
2019,5,Geoff Swaim,TE,JAX,CAR,1.4
2019,5,George Kittle,TE,SF,CLE,20.8
2019,5,Gerald Everett,TE,LA,SEA,20.6
2019,5,Geronimo Allison,WR,GB,DAL,4.8
2019,5,Giovani Bernard,RB,CIN,ARI,5.6
2019,5,Golden Tate,WR,NYG,MIN,4.3
2019,5,Greg Olsen,TE,CAR,JAX,0.0
2019,5,Gus Edwards,RB,BAL,PIT,3.3
2019,5,Hayden Hurst,TE,BAL,PIT,7.2
2019,5,Hunter Renfrow,WR,LV,CHI,2.2
2019,5,Isaiah McKenzie,WR,BUF,TEN,7.2
2019,5,Ito Smith,RB,ATL,HOU,12.4
2019,5,J.P. Holtz,TE,CHI,LV,2.6
2019,5,Jack Doyle,TE,IND,KC,4.9
2019,5,Jacoby Brissett,QB,IND,KC,10.94
2019,5,Jake Kumerow,WR,GB,DAL,1.9
2019,5,Jakob Johnson,FB,NE,WAS,1.5
2019,5,Jakobi Meyers,WR,NE,WAS,1.6
2019,5,Jalen Richard,RB,LV,CHI,5.2
2019,5,Jameis Winston,QB,TB,NO,17.46
2019,5,James Conner,RB,PIT,BAL,11.5
2019,5,James O'Shaughnessy,TE,JAX,CAR,8.7
2019,5,James Washington,WR,PIT,BAL,8.2
2019,5,James White,RB,NE,WAS,13.2
2019,5,Jamison Crowder,WR,NYJ,PHI,3.0
2019,5,Jared Cook,TE,NO,TB,14.1
2019,5,Jared Goff,QB,LA,SEA,17.9
2019,5,Jarius Wright,WR,CAR,JAX,1.6
2019,5,Jaron Brown,WR,SEA,LA,3.6
2019,5,Jarrett Stidham,QB,NE,WAS,0.0
2019,5,Jarvis Landry,WR,CLE,SF,11.5
2019,5,Jason Witten,TE,DAL,GB,5.9
2019,5,Javon Wims,WR,CHI,LV,0.0
2019,5,Jaylen Samuels,RB,PIT,BAL,2.46
2019,5,Jeff Heuerman,TE,DEN,LAC,3.6
2019,5,Jeremy Sprinkle,TE,WAS,NE,3.7
2019,5,Jimmy Garoppolo,QB,SF,CLE,14.94
2019,5,Jimmy Graham,TE,GB,DAL,7.1
2019,5,Joe Flacco,QB,DEN,LAC,7.98
2019,5,Joe Mixon,RB,CIN,ARI,11.9
2019,5,John Brown,WR,BUF,TEN,12.5
2019,5,Johnny Holton,WR,PIT,BAL,0.4
2019,5,Jon Hilliman,RB,NYG,MIN,3.4
2019,5,Jonnu Smith,TE,TEN,BUF,6.7
2019,5,Jordan Akins,TE,HOU,ATL,3.1
2019,5,Jordan Howard,RB,PHI,NYJ,12.2
2019,5,Jordan Wilkins,RB,IND,KC,2.8
2019,5,Josh Allen,QB,BUF,TEN,17.46
2019,5,Josh Gordon,WR,NE,WAS,10.9
2019,5,Josh Hill,TE,NO,TB,6.9
2019,5,Josh Jacobs,RB,LV,CHI,29.3
2019,5,Josh McCown,QB,PHI,NYJ,-0.2
2019,5,Josh Reynolds,WR,LA,SEA,2.2
2019,5,JuJu Smith-Schuster,WR,PIT,BAL,18.5
2019,5,Julian Edelman,WR,NE,WAS,25.0
2019,5,Julio Jones,WR,ATL,HOU,7.2
2019,5,Justice Hill,RB,BAL,PIT,0.7
2019,5,Justin Hardy,WR,ATL,HOU,1.5
2019,5,KeeSean Johnson,WR,ARI,CIN,5.5
2019,5,Keelan Doss,WR,LV,CHI,3.1
2019,5,Keenan Allen,WR,LAC,DEN,5.8
2019,5,Keke Coutee,WR,HOU,ATL,10.2
2019,5,Kelvin Harmon,WR,WAS,NE,1.4
2019,5,Kendrick Bourne,WR,SF,CLE,4.4
2019,5,Kirk Cousins,QB,MIN,NYG,20.54
2019,5,Kyle Allen,QB,CAR,JAX,11.64
2019,5,Kyle Juszczyk,FB,SF,CLE,4.0
2019,5,Kyle Rudolph,TE,MIN,NYG,1.4
2019,5,Kyler Murray,QB,ARI,CIN,25.42
2019,5,Lamar Jackson,QB,BAL,PIT,11.44
2019,5,Lance Kendricks,TE,LAC,DEN,0.0
2019,5,Larry Fitzgerald,WR,ARI,CIN,11.8
2019,5,Latavius Murray,RB,NO,TB,5.4
2019,5,Le'Veon Bell,RB,NYJ,PHI,15.8
2019,5,LeSean McCoy,RB,KC,IND,2.3
2019,5,Lee Smith,TE,BUF,TEN,7.8
2019,5,Leonard Fournette,RB,JAX,CAR,23.7
2019,5,Luke Falk,QB,NYJ,PHI,-1.2
2019,5,Luke Willson,TE,SEA,LA,2.0
2019,5,Mack Hollins,WR,PHI,NYJ,0.0
2019,5,Malcolm Brown,RB,LA,SEA,0.3
2019,5,Marcedes Lewis,TE,GB,DAL,3.7
2019,5,Marcus Mariota,QB,TEN,BUF,8.62
2019,5,Mark Andrews,TE,BAL,PIT,9.5
2019,5,Mark Ingram,RB,BAL,PIT,12.9
2019,5,Marlon Mack,RB,IND,KC,17.8
2019,5,Marqise Lee,WR,JAX,CAR,1.5
2019,5,Marquez Valdes-Scantling,WR,GB,DAL,2.8
2019,5,Marquise Brown,WR,BAL,PIT,11.2
2019,5,Marquise Goodwin,WR,SF,CLE,8.6
2019,5,Mason Rudolph,QB,PIT,BAL,9.24
2019,5,Matt Breida,RB,SF,CLE,27.9
2019,5,Matt LaCosse,TE,NE,WAS,3.2
2019,5,Matt Ryan,QB,ATL,HOU,31.9
2019,5,Maxx Williams,TE,ARI,CIN,1.7
2019,5,Mecole Hardman,WR,KC,IND,11.3
2019,5,Melvin Gordon,RB,LAC,DEN,7.8
2019,5,Michael Gallup,WR,DAL,GB,24.3
2019,5,Michael Thomas,WR,NO,TB,41.2
2019,5,Mike Evans,WR,TB,NO,0.0
2019,5,Mike Williams,WR,LAC,DEN,13.4
2019,5,Miles Sanders,RB,PHI,NYJ,10.4
2019,5,Mo Alie-Cox,TE,IND,KC,2.0
2019,5,Mohamed Sanu,WR,ATL,HOU,15.3
2019,5,Nelson Agholor,WR,PHI,NYJ,3.0
2019,5,Nick Boyle,TE,BAL,PIT,0.0
2019,5,Nick Chubb,RB,CLE,SF,10.9
2019,5,Nick Vannett,TE,PIT,BAL,0.0
2019,5,Noah Fant,TE,DEN,LAC,1.6
2019,5,Nyheim Miller-Hines,RB,IND,KC,8.5
2019,5,O.J. Howard,TE,TB,NO,2.0
2019,5,Odell Beckham,WR,CLE,SF,7.0
2019,5,Olabisi Johnson,WR,MIN,NYG,8.3
2019,5,Patrick Mahomes,QB,KC,IND,18.54
2019,5,Paul Richardson,WR,WAS,NE,3.4
2019,5,Peyton Barber,RB,TB,NO,10.1
2019,5,Pharoh Cooper,WR,ARI,CIN,5.3
2019,5,Philip Rivers,QB,LAC,DEN,4.14
2019,5,Phillip Lindsay,RB,DEN,LAC,24.7
2019,5,Raheem Mostert,RB,SF,CLE,3.4
2019,5,Randall Cobb,WR,DAL,GB,8.3
2019,5,Rashaad Penny,RB,SEA,LA,6.9
2019,5,Reggie Bonnafon,RB,CAR,JAX,14.0
2019,5,Rhett Ellison,TE,NYG,MIN,1.3
2019,5,Ricky Seals-Jones,TE,CLE,SF,0.0
2019,5,Robbie Chosen,WR,NYJ,PHI,2.6
2019,5,Robert Tonyan,TE,GB,DAL,3.3
2019,5,Robert Woods,WR,LA,SEA,9.8
2019,5,Ronald Jones,RB,TB,NO,7.6
2019,5,Ross Dwelley,TE,SF,CLE,1.7
2019,5,Royce Freeman,RB,DEN,LAC,8.7
2019,5,Russell Gage,WR,ATL,HOU,2.2
2019,5,Russell Wilson,QB,SEA,LA,29.92
2019,5,Ryan Griffin,TE,NYJ,PHI,1.2
2019,5,Ryan Izzo,TE,NE,WAS,11.9
2019,5,Ryquell Armstead,RB,JAX,CAR,1.6
2019,5,Scott Miller,WR,TB,NO,1.8
2019,5,Seth Roberts,WR,BAL,PIT,0.0
2019,5,Sony Michel,RB,NE,WAS,21.3
2019,5,Stanley Morgan,WR,CIN,ARI,1.6
2019,5,Stefon Diggs,WR,MIN,NYG,7.4
2019,5,Sterling Shepard,WR,NYG,MIN,9.7
2019,5,Steven Sims,WR,WAS,NE,14.6
2019,5,T.J. Yeldon,RB,BUF,TEN,6.8
2019,5,T.Y. Hilton,WR,IND,KC,7.7
2019,5,Tajae Sharpe,WR,TEN,BUF,2.2
2019,5,Tarik Cohen,RB,CHI,LV,10.9
2019,5,Tavon Austin,WR,DAL,GB,3.7
2019,5,Taysom Hill,TE,NO,TB,2.12
2019,5,Ted Ginn,WR,NO,TB,11.6
2019,5,Teddy Bridgewater,QB,NO,TB,27.26
2019,5,Terry McLaurin,WR,WAS,NE,8.1
2019,5,Tevin Coleman,RB,SF,CLE,15.7
2019,5,Todd Gurley,RB,LA,SEA,18.7
2019,5,Tom Brady,QB,NE,WAS,23.92
2019,5,Tommy Sweeney,TE,BUF,TEN,0.0
2019,5,Tony Pollard,RB,DAL,GB,1.9
2019,5,Tra Carson,RB,GB,DAL,7.2
2019,5,Travis Benjamin,WR,LAC,DEN,2.3
2019,5,Travis Kelce,TE,KC,IND,11.0
2019,5,Trent Sherfield,WR,ARI,CIN,3.3
2019,5,Trevor Davis,WR,LV,CHI,6.2
2019,5,Trey Burton,TE,CHI,LV,4.6
2019,5,Trey Quinn,WR,WAS,NE,2.8
2019,5,Ty Montgomery,WR,NYJ,PHI,0.1
2019,5,Tyler Boyd,WR,CIN,ARI,28.3
2019,5,Tyler Eifert,TE,CIN,ARI,3.4
2019,5,Tyler Higbee,TE,LA,SEA,7.7
2019,5,Tyler Lockett,WR,SEA,LA,14.3
2019,5,Vance McDonald,TE,PIT,BAL,6.4
2019,5,Virgil Green,TE,LAC,DEN,1.5
2019,5,Vyncint Smith,WR,NYJ,PHI,7.9
2019,5,Wayne Gallman,RB,NYG,MIN,1.4
2019,5,Wendell Smallwood,RB,WAS,NE,2.7
2019,5,Will Dissly,TE,SEA,LA,12.8
2019,5,Will Fuller,WR,HOU,ATL,53.7
2019,5,Willie Snead,WR,BAL,PIT,9.1
2019,5,Zach Ertz,TE,PHI,NYJ,16.7
2019,5,Zach Pascal,WR,IND,KC,3.0
2019,6,A.J. Brown,WR,TEN,DEN,4.3
2019,6,Aaron Jones,RB,GB,DET,8.0
2019,6,Aaron Rodgers,QB,GB,DET,18.32
2019,6,Adam Humphries,WR,TEN,DEN,10.7
2019,6,Adam Thielen,WR,MIN,PHI,17.7
2019,6,Adrian Peterson,RB,WAS,MIA,15.6
2019,6,Albert Wilson,WR,MIA,WAS,6.5
2019,6,Alex Armah,RB,CAR,TB,0.4
2019,6,Alex Erickson,WR,CIN,BAL,10.4
2019,6,Alexander Mattison,RB,MIN,PHI,4.3
2019,6,Allen Hurns,WR,MIA,WAS,3.6
2019,6,Allen Lazard,WR,GB,DET,16.5
2019,6,Alshon Jeffery,WR,PHI,MIN,23.6
2019,6,Alvin Kamara,RB,NO,JAX,13.6
2019,6,Amari Cooper,WR,DAL,NYJ,1.3
2019,6,Andy Dalton,QB,CIN,BAL,13.6
2019,6,Andy Janovich,FB,DEN,TEN,1.8
2019,6,Anthony Firkser,TE,TEN,DEN,3.5
2019,6,Antonio Callaway,WR,CLE,SEA,4.2
2019,6,Auden Tate,WR,CIN,BAL,14.1
2019,6,Austin Ekeler,RB,LAC,PIT,5.8
2019,6,Austin Hooper,TE,ATL,ARI,25.7
2019,6,Baker Mayfield,QB,CLE,SEA,19.46
2019,6,Benny Snell,RB,PIT,LAC,9.9
2019,6,Bilal Powell,RB,NYJ,DAL,0.5
2019,6,Blake Bell,TE,KC,HOU,0.0
2019,6,Blake Jarwin,TE,DAL,NYJ,2.6
2019,6,Bobo Wilson,WR,TB,CAR,2.0
2019,6,Boston Scott,RB,PHI,MIN,3.0
2019,6,Brandin Cooks,WR,LA,SF,6.2
2019,6,Brandon Bolden,RB,NE,NYG,12.5
2019,6,Brandon Wilson,FS,CIN,BAL,6.0
2019,6,Byron Pringle,WR,KC,HOU,4.4
2019,6,C.J. Prosise,RB,SEA,CLE,1.3
2019,6,C.J. Uzomah,TE,CIN,BAL,4.6
2019,6,Calvin Ridley,WR,ATL,ARI,14.8
2019,6,Cameron Brate,TE,TB,CAR,12.7
2019,6,Carlos Hyde,RB,HOU,KC,18.0
2019,6,Carson Wentz,QB,PHI,MIN,20.54
2019,6,Case Keenum,QB,WAS,MIA,15.64
2019,6,Cedrick Wilson,WR,DAL,NYJ,9.6
2019,6,Charles Clay,TE,ARI,ATL,2.8
2019,6,Chase Edmonds,RB,ARI,ATL,14.7
2019,6,Chase Winovich,DE,NE,NE,6.0
2019,6,Chris Carson,RB,SEA,CLE,25.9
2019,6,Chris Conley,WR,JAX,NO,0.0
2019,6,Chris Godwin,WR,TB,CAR,25.1
2019,6,Chris Moore,WR,BAL,CIN,3.8
2019,6,Chris Thompson,RB,WAS,MIA,4.0
2019,6,Christian McCaffrey,RB,CAR,TB,21.7
2019,6,Cody Latimer,WR,NYG,NE,0.0
2019,6,Cooper Kupp,WR,LA,SF,5.7
2019,6,Corey Davis,WR,TEN,DEN,6.6
2019,6,Courtland Sutton,WR,DEN,TEN,11.6
2019,6,Curtis Samuel,WR,CAR,TB,23.8
2019,6,D.J. Chark,WR,JAX,NO,7.3
2019,6,D.J. Moore,WR,CAR,TB,15.6
2019,6,DK Metcalf,WR,SEA,CLE,11.3
2019,6,DaeSean Hamilton,WR,DEN,TEN,4.5
2019,6,Dak Prescott,QB,DAL,NYJ,18.22
2019,6,Dallas Goedert,TE,PHI,MIN,9.8
2019,6,Dalton Schultz,TE,DAL,NYJ,1.6
2019,6,Dalvin Cook,RB,MIN,PHI,13.4
2019,6,Dalyn Dawkins,RB,TEN,DEN,0.2
2019,6,Damien Williams,RB,KC,HOU,9.0
2019,6,Damiere Byrd,WR,ARI,ATL,8.0
2019,6,Damion Willis,WR,CIN,BAL,0.0
2019,6,Daniel Jones,QB,NYG,NE,5.24
2019,6,Danny Amendola,WR,DET,GB,1.6
2019,6,Dante Pettis,WR,SF,LA,7.5
2019,6,Dare Ogunbowale,RB,TB,CAR,11.5
2019,6,Darius Jennings,WR,TEN,DEN,0.0
2019,6,Darius Slayton,WR,NYG,NE,6.2
2019,6,Darrel Williams,RB,KC,HOU,6.2
2019,6,Darrell Henderson,RB,LA,SF,5.8
2019,6,Darren Fells,TE,HOU,KC,12.9
2019,6,Darrius Shepherd,WR,GB,DET,1.1
2019,6,David Johnson,RB,ARI,ATL,28.2
2019,6,David Moore,WR,SEA,CLE,6.6
2019,6,De'Anthony Thomas,WR,KC,HOU,0.4
2019,6,DeAndre Hopkins,WR,HOU,KC,16.5
2019,6,DeVante Parker,WR,MIA,WAS,11.8
2019,6,Dede Westbrook,WR,JAX,NO,8.3
2019,6,Deebo Samuel,WR,SF,LA,4.9
2019,6,Delanie Walker,TE,TEN,DEN,7.3
2019,6,Demarcus Robinson,WR,KC,HOU,0.0
2019,6,Demaryius Thomas,WR,NYJ,DAL,10.2
2019,6,Demetrius Harris,TE,CLE,SEA,2.0
2019,6,Derrick Henry,RB,TEN,DEN,4.3
2019,6,Deshaun Watson,QB,HOU,KC,29.4
2019,6,Devlin Hodges,QB,PIT,LAC,8.08
2019,6,Devonta Freeman,RB,ATL,ARI,26.8
2019,6,Dion Lewis,RB,TEN,DEN,4.9
2019,6,Diontae Johnson,WR,PIT,LAC,3.4
2019,6,Donte Moncrief,WR,PIT,LAC,2.1
2019,6,Dontrell Hilliard,RB,CLE,SEA,3.7
2019,6,Drew Sample,TE,CIN,BAL,0.9
2019,6,Duke Johnson,RB,HOU,KC,13.4
2019,6,Elijhaa Penny,RB,NYG,NE,1.6
2019,6,Emmanuel Sanders,WR,DEN,TEN,1.0
2019,6,Ezekiel Elliott,RB,DAL,NYJ,26.3
2019,6,Fred Brown,WR,DEN,TEN,1.5
2019,6,Gardner Minshew,QB,JAX,NO,4.62
2019,6,Geoff Swaim,TE,JAX,NO,1.5
2019,6,George Kittle,TE,SF,LA,18.3
2019,6,Gerald Everett,TE,LA,SF,2.9
2019,6,Geremy Davis,WR,LAC,PIT,2.3
2019,6,Geronimo Allison,WR,GB,DET,7.0
2019,6,Giovani Bernard,RB,CIN,BAL,4.4
2019,6,Golden Tate,WR,NYG,NE,22.2
2019,6,Greg Olsen,TE,CAR,TB,9.2
2019,6,Gunner Olszewski,WR,NE,NYG,5.4
2019,6,Gus Edwards,RB,BAL,CIN,3.4
2019,6,Hayden Hurst,TE,BAL,CIN,1.4
2019,6,Hunter Henry,TE,LAC,PIT,30.0
2019,6,Irv Smith,TE,MIN,PHI,4.9
2019,6,Isaiah Ford,WR,MIA,WAS,0.0
2019,6,Ito Smith,RB,ATL,ARI,0.6
2019,6,J.D. McKissic,RB,DET,GB,3.1
2019,6,Jaeden Graham,TE,ATL,ARI,3.1
2019,6,Jake Elliott,K,PHI,MIN,-2.0
2019,6,Jake Kumerow,WR,GB,DET,3.7
2019,6,Jakobi Meyers,WR,NE,NYG,9.4
2019,6,Jamaal Williams,RB,GB,DET,23.6
2019,6,Jamal Agnew,WR,DET,GB,0.9
2019,6,Jameis Winston,QB,TB,CAR,12.1
2019,6,James Conner,RB,PIT,LAC,30.9
2019,6,James White,RB,NE,NYG,13.5
2019,6,Jamison Crowder,WR,NYJ,DAL,15.8
2019,6,Jared Cook,TE,NO,JAX,12.7
2019,6,Jared Goff,QB,LA,SF,1.12
2019,6,Jarius Wright,WR,CAR,TB,1.6
2019,6,Jaron Brown,WR,SEA,CLE,17.9
2019,6,Jarvis Landry,WR,CLE,SEA,6.6
2019,6,Jason Moore,WR,LAC,PIT,6.3
2019,6,Jason Witten,TE,DAL,NYJ,10.7
2019,6,Jeremy Sprinkle,TE,WAS,MIA,4.4
2019,6,Jesse James,TE,DET,GB,1.8
2019,6,Jimmy Garoppolo,QB,SF,LA,12.12
2019,6,Jimmy Graham,TE,GB,DET,3.7
2019,6,Joe Flacco,QB,DEN,TEN,4.98
2019,6,Joe Mixon,RB,CIN,BAL,5.9
2019,6,Johnny Holton,WR,PIT,LAC,0.0
2019,6,Jon Hilliman,RB,NYG,NE,3.5
2019,6,Jonnu Smith,TE,TEN,DEN,1.8
2019,6,Jordan Akins,TE,HOU,KC,6.9
2019,6,Jordan Howard,RB,PHI,MIN,4.9
2019,6,Josh Gordon,WR,NE,NYG,1.7
2019,6,Josh Hill,TE,NO,JAX,1.8
2019,6,Josh Reynolds,WR,LA,SF,0.0
2019,6,Josh Rosen,QB,MIA,WAS,-0.6
2019,6,JuJu Smith-Schuster,WR,PIT,LAC,1.7
2019,6,Julian Edelman,WR,NE,NYG,20.3
2019,6,Julio Jones,WR,ATL,ARI,18.8
2019,6,Justice Hill,RB,BAL,CIN,3.1
2019,6,Kaleb McGary,T,ATL,ARI,0.7
2019,6,Kalen Ballage,RB,MIA,WAS,6.7
2019,6,KeeSean Johnson,WR,ARI,ATL,3.4
2019,6,Keenan Allen,WR,LAC,PIT,5.3
2019,6,Keith Smith,FB,ATL,ARI,0.2
2019,6,Keke Coutee,WR,HOU,KC,7.9
2019,6,Kelvin Harmon,WR,WAS,MIA,1.8
2019,6,Kendrick Bourne,WR,SF,LA,2.1
2019,6,Kenny Golladay,WR,DET,GB,17.1
2019,6,Kenyan Drake,RB,MIA,WAS,13.0
2019,6,Kerryon Johnson,RB,DET,GB,14.1
2019,6,Kirk Cousins,QB,MIN,PHI,27.32
2019,6,Kyle Allen,QB,CAR,TB,17.38
2019,6,Kyle Rudolph,TE,MIN,PHI,6.6
2019,6,Kyler Murray,QB,ARI,ATL,28.8
2019,6,Lamar Jackson,QB,BAL,CIN,30.64
2019,6,Laquon Treadwell,WR,MIN,PHI,2.5
2019,6,Larry Fitzgerald,WR,ARI,ATL,12.9
2019,6,Latavius Murray,RB,NO,JAX,10.9
2019,6,Le'Veon Bell,RB,NYJ,DAL,12.3
2019,6,LeSean McCoy,RB,KC,HOU,6.4
2019,6,Leonard Fournette,RB,JAX,NO,17.8
2019,6,Levine Toilolo,TE,SF,LA,1.8
2019,6,Logan Thomas,TE,DET,GB,0.0
2019,6,Luke Stocker,TE,ATL,ARI,1.0
2019,6,Luke Willson,TE,SEA,CLE,3.6
2019,6,Mack Hollins,WR,PHI,MIN,0.0
2019,6,Malcolm Brown,RB,LA,SF,4.0
2019,6,Malik Turner,WR,SEA,CLE,0.0
2019,6,Marcedes Lewis,TE,GB,DET,7.0
2019,6,Marcus Mariota,QB,TEN,DEN,-1.08
2019,6,Mark Andrews,TE,BAL,CIN,13.9
2019,6,Mark Ingram,RB,BAL,CIN,15.4
2019,6,Mark Walton,HB,MIA,WAS,12.5
2019,6,Marqise Lee,WR,JAX,NO,0.1
2019,6,Marquez Valdes-Scantling,WR,GB,DET,7.7
2019,6,Marquise Goodwin,WR,SF,LA,3.5
2019,6,Marvin Hall,WR,DET,GB,6.8
2019,6,Marvin Jones,WR,DET,GB,3.7
2019,6,Matt Breida,RB,SF,LA,10.3
2019,6,Matt Ryan,QB,ATL,ARI,30.94
2019,6,Matthew Stafford,QB,DET,GB,11.5
2019,6,Maxx Williams,TE,ARI,ATL,12.4
2019,6,Mecole Hardman,WR,KC,HOU,8.5
2019,6,Melvin Gordon,RB,LAC,PIT,7.8
2019,6,Michael Gallup,WR,DAL,NYJ,8.8
2019,6,Michael Thomas,WR,NO,JAX,16.9
2019,6,Mike Evans,WR,TB,CAR,20.6
2019,6,Mike Gesicki,TE,MIA,WAS,8.1
2019,6,Mike Williams,WR,LAC,PIT,12.2
2019,6,Miles Boykin,WR,BAL,CIN,4.8
2019,6,Miles Sanders,RB,PHI,MIN,18.2
2019,6,Mohamed Sanu,WR,ATL,ARI,5.9
2019,6,Nelson Agholor,WR,PHI,MIN,8.2
2019,6,Nick Bawden,FB,DET,GB,0.0
2019,6,Nick Bellore,ILB,SEA,CLE,3.0
2019,6,Nick Boyle,TE,BAL,CIN,3.8
2019,6,Nick Chubb,RB,CLE,SEA,28.9
2019,6,Nick O'Leary,TE,MIA,WAS,1.3
2019,6,Nick Vannett,TE,PIT,LAC,1.5
2019,6,Noah Fant,TE,DEN,TEN,3.6
2019,6,O.J. Howard,TE,TB,CAR,5.5
2019,6,Odell Beckham,WR,CLE,SEA,16.1
2019,6,Olabisi Johnson,WR,MIN,PHI,2.6
2019,6,Patrick Mahomes,QB,KC,HOU,18.82
2019,6,Patrick Ricard,FB,BAL,CIN,1.6
2019,6,Paul Richardson,WR,WAS,MIA,0.0
2019,6,Peyton Barber,RB,TB,CAR,2.8
2019,6,Pharaoh Brown,TE,CLE,SEA,1.9
2019,6,Pharoh Cooper,WR,ARI,ATL,4.8
2019,6,Philip Rivers,QB,LAC,PIT,14.8
2019,6,Phillip Lindsay,RB,DEN,TEN,15.5
2019,6,Preston Williams,WR,MIA,WAS,5.1
2019,6,Raheem Mostert,RB,SF,LA,1.3
2019,6,Rhett Ellison,TE,NYG,NE,6.0
2019,6,Ricky Seals-Jones,TE,CLE,SEA,13.7
2019,6,Robbie Chosen,WR,NYJ,DAL,23.5
2019,6,Robert Woods,WR,LA,SF,7.6
2019,6,Ronald Jones,RB,TB,CAR,7.0
2019,6,Royce Freeman,RB,DEN,TEN,12.6
2019,6,Russell Gage,WR,ATL,ARI,1.6
2019,6,Russell Wilson,QB,SEA,CLE,28.9
2019,6,Ryan Fitzpatrick,QB,MIA,WAS,9.78
2019,6,Ryan Griffin,TE,NYJ,DAL,11.8
2019,6,Ryan Izzo,TE,NE,NYG,5.1
2019,6,Ryan Switzer,WR,PIT,LAC,0.8
2019,6,Ryan Tannehill,QB,TEN,DEN,4.36
2019,6,Ryquell Armstead,RB,JAX,NO,0.1
2019,6,Sam Darnold,QB,NYJ,DAL,19.62
2019,6,Scott Miller,WR,TB,CAR,6.9
2019,6,Seth DeValve,TE,JAX,NO,2.6
2019,6,Seth Roberts,WR,BAL,CIN,4.3
2019,6,Sony Michel,RB,NE,NYG,13.3
2019,6,Stefon Diggs,WR,MIN,PHI,43.5
2019,6,Steven Sims,WR,WAS,MIA,0.1
2019,6,T.J. Hockenson,TE,DET,GB,6.1
2019,6,Tajae Sharpe,WR,TEN,DEN,0.0
2019,6,Tavon Austin,WR,DAL,NYJ,11.4
2019,6,Taysom Hill,TE,NO,JAX,1.7
2019,6,Ted Ginn,WR,NO,JAX,6.8
2019,6,Teddy Bridgewater,QB,NO,JAX,13.6
2019,6,Terry McLaurin,WR,WAS,MIA,26.0
2019,6,Tevin Coleman,RB,SF,LA,14.1
2019,6,Tom Brady,QB,NE,NYG,21.96
2019,6,Tony Pollard,RB,DAL,NYJ,1.3
2019,6,Travis Benjamin,WR,LAC,PIT,1.0
2019,6,Travis Kelce,TE,KC,HOU,9.8
2019,6,Trent Sherfield,WR,ARI,ATL,4.8
2019,6,Trey Quinn,WR,WAS,MIA,2.8
2019,6,Ty Montgomery,WR,NYJ,DAL,4.7
2019,6,Tyler Boyd,WR,CIN,BAL,4.0
2019,6,Tyler Eifert,TE,CIN,BAL,3.3
2019,6,Tyler Higbee,TE,LA,SF,5.5
2019,6,Tyler Lockett,WR,SEA,CLE,12.8
2019,6,Tyreek Hill,WR,KC,HOU,25.0
2019,6,Vance McDonald,TE,PIT,LAC,1.5
2019,6,Virgil Green,TE,LAC,PIT,2.5
2019,6,Vyncint Smith,WR,NYJ,DAL,1.5
2019,6,Wendell Smallwood,RB,WAS,MIA,0.4
2019,6,Will Dissly,TE,SEA,CLE,0.0
2019,6,Will Fuller,WR,HOU,KC,9.4
2019,6,Willie Snead,WR,BAL,CIN,4.8
2019,6,Zach Ertz,TE,PHI,MIN,7.4
2019,7,A.J. Brown,WR,TEN,LAC,12.2
2019,7,Aaron Jones,RB,GB,LV,18.3
2019,7,Aaron Rodgers,QB,GB,LV,43.76
2019,7,Adam Humphries,WR,TEN,LAC,8.0
2019,7,Adam Shaheen,TE,CHI,NO,6.4
2019,7,Adam Thielen,WR,MIN,DET,9.5
2019,7,Adrian Peterson,RB,WAS,SF,6.1
2019,7,Albert Wilson,WR,MIA,BUF,3.2
2019,7,Alex Erickson,WR,CIN,JAX,21.5
2019,7,Alexander Mattison,RB,MIN,DET,1.8
2019,7,Allen Hurns,WR,MIA,BUF,8.3
2019,7,Allen Lazard,WR,GB,LV,7.2
2019,7,Allen Robinson,WR,CHI,NO,24.7
2019,7,Alshon Jeffery,WR,PHI,DAL,5.8
2019,7,Amari Cooper,WR,DAL,PHI,15.6
2019,7,Andre Roberts,WR,BUF,MIA,0.0
2019,7,Andrew Beck,FB,DEN,KC,0.0
2019,7,Andy Dalton,QB,CIN,JAX,18.34
2019,7,Andy Isabella,WR,ARI,NYG,2.8
2019,7,Andy Janovich,FB,DEN,KC,3.2
2019,7,Anthony Firkser,TE,TEN,LAC,3.7
2019,7,Anthony Miller,WR,CHI,NO,9.3
2019,7,Anthony Sherman,RB,KC,DEN,0.7
2019,7,Auden Tate,WR,CIN,JAX,9.5
2019,7,Austin Carr,WR,NO,CHI,0.0
2019,7,Austin Ekeler,RB,LAC,TEN,25.5
2019,7,Austin Hooper,TE,ATL,LA,14.6
2019,7,Benjamin Watson,TE,NE,NYJ,4.8
2019,7,Bennie Fowler,WR,NYG,ARI,7.5
2019,7,Bilal Powell,RB,NYJ,NE,0.3
2019,7,Blake Bell,TE,KC,DEN,0.0
2019,7,Blake Jarwin,TE,DAL,PHI,7.1
2019,7,Boston Scott,RB,PHI,DAL,4.7
2019,7,Brandin Cooks,WR,LA,ATL,9.9
2019,7,Brandon Bolden,RB,NE,NYJ,8.1
2019,7,Braxton Berrios,WR,NYJ,NE,1.1
2019,7,Brett Kern,P,TEN,LAC,0.44
2019,7,Brian Hill,RB,ATL,LA,4.5
2019,7,Bryan Anger,P,HOU,IND,-0.5
2019,7,C.J. Ham,FB,MIN,DET,8.4
2019,7,C.J. Prosise,RB,SEA,BAL,1.7
2019,7,Calvin Ridley,WR,ATL,LA,7.0
2019,7,Carlos Hyde,RB,HOU,IND,3.5
2019,7,Carson Wentz,QB,PHI,DAL,6.84
2019,7,Case Keenum,QB,WAS,SF,3.08
2019,7,Charles Clay,TE,ARI,NYG,2.2
2019,7,Chase Edmonds,RB,ARI,NYG,35.0
2019,7,Chester Rogers,WR,IND,HOU,4.4
2019,7,Chris Carson,RB,SEA,BAL,10.4
2019,7,Chris Conley,WR,JAX,CIN,13.3
2019,7,Chris Moore,WR,BAL,SEA,1.3
2019,7,Cody Latimer,WR,NYG,ARI,7.3
2019,7,Colby Wadman,P,DEN,KC,0.0
2019,7,Cole Beasley,WR,BUF,MIA,10.6
2019,7,Cooper Kupp,WR,LA,ATL,11.0
2019,7,Cordarrelle Patterson,RB,CHI,NO,10.3
2019,7,Corey Davis,WR,TEN,LAC,20.0
2019,7,Courtland Sutton,WR,DEN,KC,14.7
2019,7,D.J. Chark,WR,JAX,CIN,10.3
2019,7,DK Metcalf,WR,SEA,BAL,7.3
2019,7,DaeSean Hamilton,WR,DEN,KC,2.4
2019,7,Dak Prescott,QB,DAL,PHI,20.56
2019,7,Dallas Goedert,TE,PHI,DAL,14.9
2019,7,Dalvin Cook,RB,MIN,DET,27.9
2019,7,Damien Harris,RB,NE,NYJ,1.2
2019,7,Damien Williams,RB,KC,DEN,2.6
2019,7,Damiere Byrd,WR,ARI,NYG,1.4
2019,7,Dan Arnold,TE,NO,CHI,0.0
2019,7,Dan Vitale,FB,GB,LV,6.3
2019,7,Daniel Jones,QB,NYG,ARI,10.42
2019,7,Danny Amendola,WR,DET,MIN,18.5
2019,7,Dante Pettis,WR,SF,WAS,0.0
2019,7,Darious Williams,CB,LA,ATL,6.0
2019,7,Darius Slayton,WR,NYG,ARI,4.8
2019,7,Darrel Williams,RB,KC,DEN,2.6
2019,7,Darrell Henderson,RB,LA,ATL,4.9
2019,7,Darren Fells,TE,HOU,IND,4.7
2019,7,Darren Waller,TE,LV,GB,31.6
2019,7,David Johnson,RB,ARI,NYG,0.2
2019,7,David Montgomery,RB,CHI,NO,1.9
2019,7,David Moore,WR,SEA,BAL,2.4
2019,7,Dawson Knox,TE,BUF,MIA,4.2
2019,7,DeAndre Hopkins,WR,HOU,IND,25.6
2019,7,DeAndre Washington,RB,LV,GB,5.1
2019,7,DeVante Parker,WR,MIA,BUF,16.5
2019,7,Dede Westbrook,WR,JAX,CIN,17.7
2019,7,Demarcus Robinson,WR,KC,DEN,6.1
2019,7,Demaryius Thomas,WR,NYJ,NE,7.2
2019,7,Derek Carr,QB,LV,GB,17.72
2019,7,Derek Carrier,TE,LV,GB,4.2
2019,7,Derrick Henry,RB,TEN,LAC,17.8
2019,7,Deshaun Watson,QB,HOU,IND,15.52
2019,7,Devin Singletary,RB,BUF,MIA,2.6
2019,7,Devonta Freeman,RB,ATL,LA,4.5
2019,7,Dexter Williams,RB,GB,LV,0.2
2019,7,Dion Lewis,RB,TEN,LAC,0.2
2019,7,Diontae Spencer,WR,DEN,KC,1.5
2019,7,Drew Sample,TE,CIN,JAX,1.3
2019,7,Duke Johnson,RB,HOU,IND,7.6
2019,7,Duke Williams,WR,BUF,MIA,3.3
2019,7,Durham Smythe,TE,MIA,BUF,0.0
2019,7,Dwayne Washington,RB,NO,CHI,1.6
2019,7,Elijhaa Penny,RB,NYG,NYG,6.0
2019,7,Emmanuel Sanders,WR,DEN,KC,11.0
2019,7,Eric Ebron,TE,IND,HOU,17.0
2019,7,Eric Tomlinson,TE,NE,NYJ,1.1
2019,7,Evan Engram,TE,NYG,ARI,1.6
2019,7,Ezekiel Elliott,RB,DAL,PHI,26.7
2019,7,Foster Moreau,TE,LV,GB,10.4
2019,7,Frank Gore,RB,BUF,MIA,7.6
2019,7,Gardner Minshew,QB,JAX,CIN,21.0
2019,7,George Kittle,TE,SF,WAS,6.8
2019,7,Gerald Everett,TE,LA,ATL,15.0
2019,7,Geronimo Allison,WR,GB,LV,7.3
2019,7,Giovani Bernard,RB,CIN,JAX,2.4
2019,7,Golden Tate,WR,NYG,ARI,14.0
2019,7,Gunner Olszewski,WR,NE,NYJ,0.0
2019,7,Gus Edwards,RB,BAL,SEA,3.5
2019,7,Hayden Hurst,TE,BAL,SEA,2.0
2019,7,Hunter Henry,TE,LAC,TEN,15.7
2019,7,Hunter Renfrow,WR,LV,GB,3.4
2019,7,Irv Smith,TE,MIN,DET,11.0
2019,7,Isaiah Ford,WR,MIA,BUF,0.0
2019,7,Isaiah McKenzie,WR,BUF,MIA,3.1
2019,7,Ito Smith,RB,ATL,LA,0.7
2019,7,J.D. McKissic,RB,DET,MIN,8.0
2019,7,Jack Doyle,TE,IND,HOU,5.1
2019,7,Jacob Hollister,TE,SEA,BAL,5.0
2019,7,Jacoby Brissett,QB,IND,HOU,27.64
2019,7,Jake Kumerow,WR,GB,LV,13.4
2019,7,Jakobi Meyers,WR,NE,NYJ,9.7
2019,7,Jalen Richard,RB,LV,GB,1.7
2019,7,Jamaal Williams,RB,GB,LV,13.1
2019,7,James White,RB,NE,NYJ,12.9
2019,7,Jamison Crowder,WR,NYJ,NE,6.6
2019,7,Jared Goff,QB,LA,ATL,25.02
2019,7,Jaron Brown,WR,SEA,BAL,9.0
2019,7,Jarrett Stidham,QB,NE,NYJ,-0.2
2019,7,Jason Witten,TE,DAL,PHI,7.3
2019,7,Javon Wims,WR,CHI,NO,7.6
2019,7,Jeffery Wilson,RB,SF,WAS,2.0
2019,7,Jeremy Sprinkle,TE,WAS,SF,3.3
2019,7,Jesse James,TE,DET,MIN,1.7
2019,7,Jimmy Garoppolo,QB,SF,WAS,6.04
2019,7,Jimmy Graham,TE,GB,LV,16.5
2019,7,Joe Flacco,QB,DEN,KC,6.52
2019,7,Joe Mixon,RB,CIN,JAX,7.4
2019,7,John Brown,WR,BUF,MIA,19.3
2019,7,John Kelly,RB,LA,ATL,0.9
2019,7,Johnny Hekker,P,LA,ATL,0.92
2019,7,Johnny Mundt,TE,LA,ATL,0.0
2019,7,Jonnu Smith,TE,TEN,LAC,9.4
2019,7,Jordan Akins,TE,HOU,IND,3.7
2019,7,Jordan Howard,RB,PHI,DAL,7.6
2019,7,Jordan Wilkins,RB,IND,HOU,2.5
2019,7,Josh Allen,QB,BUF,MIA,21.28
2019,7,Josh Hill,TE,NO,CHI,13.3
2019,7,Josh Jacobs,RB,LV,GB,16.4
2019,7,Josh Reynolds,WR,LA,ATL,0.0
2019,7,Julian Edelman,WR,NE,NYJ,13.7
2019,7,Julio Jones,WR,ATL,LA,15.3
2019,7,Justin Hardy,WR,ATL,LA,3.9
2019,7,Kalen Ballage,RB,MIA,BUF,6.7
2019,7,KeeSean Johnson,WR,ARI,NYG,1.6
2019,7,Keelan Cole,WR,JAX,CIN,7.2
2019,7,Keelan Doss,WR,LV,GB,8.4
2019,7,Keenan Allen,WR,LAC,TEN,10.1
2019,7,Keith Smith,FB,ATL,LA,0.0
2019,7,Keke Coutee,WR,HOU,IND,11.9
2019,7,Kendrick Bourne,WR,SF,WAS,9.9
2019,7,Kenjon Barner,RB,ATL,LA,0.0
2019,7,Kenny Golladay,WR,DET,MIN,3.1
2019,7,Kenny Stills,WR,HOU,IND,14.5
2019,7,Kenyan Drake,RB,MIA,BUF,8.8
2019,7,Kerryon Johnson,RB,DET,MIN,2.3
2019,7,Kevin Byard,FS,TEN,LAC,2.1
2019,7,Kirk Cousins,QB,MIN,DET,29.22
2019,7,Kyle Rudolph,TE,MIN,DET,16.8
2019,7,Kyler Murray,QB,ARI,NYG,6.96
2019,7,Lamar Jackson,QB,BAL,SEA,23.32
2019,7,Larry Fitzgerald,WR,ARI,NYG,2.2
2019,7,Latavius Murray,RB,NO,CHI,32.0
2019,7,Le'Veon Bell,RB,NYJ,NE,8.6
2019,7,LeSean McCoy,RB,KC,DEN,9.6
2019,7,Lee Smith,TE,BUF,MIA,1.9
2019,7,Leonard Fournette,RB,JAX,CIN,16.5
2019,7,Levine Toilolo,TE,SF,WAS,1.2
2019,7,Luke Willson,TE,SEA,BAL,0.0
2019,7,Mack Hollins,WR,PHI,DAL,0.0
2019,7,Malik Turner,WR,SEA,BAL,3.4
2019,7,Marcell Ateman,WR,LV,GB,4.6
2019,7,Mark Andrews,TE,BAL,SEA,5.9
2019,7,Mark Ingram,RB,BAL,SEA,6.3
2019,7,Mark Walton,HB,MIA,BUF,6.8
2019,7,Marlon Mack,RB,IND,HOU,8.6
2019,7,Marquez Valdes-Scantling,WR,GB,LV,21.3
2019,7,Marquise Goodwin,WR,SF,WAS,0.0
2019,7,Marvin Hall,WR,DET,MIN,5.7
2019,7,Marvin Jones,WR,DET,MIN,43.3
2019,7,Matt Breida,RB,SF,WAS,4.6
2019,7,Matt Haack,P,MIA,BUF,0.2
2019,7,Matt Moore,QB,KC,DEN,8.58
2019,7,Matt Ryan,QB,ATL,LA,2.56
2019,7,Matt Schaub,QB,ATL,LA,6.5
2019,7,Matthew Stafford,QB,DET,MIN,28.56
2019,7,Maxx Williams,TE,ARI,NYG,1.5
2019,7,Mecole Hardman,WR,KC,DEN,10.8
2019,7,Melvin Gordon,RB,LAC,TEN,8.9
2019,7,Micah Hyde,FS,BUF,MIA,6.0
2019,7,Michael Gallup,WR,DAL,PHI,6.4
2019,7,Michael Thomas,WR,NO,CHI,22.1
2019,7,Mike Gesicki,TE,MIA,BUF,8.1
2019,7,Mike Glennon,QB,LV,GB,5.44
2019,7,Mike Williams,WR,LAC,TEN,8.7
2019,7,Miles Boykin,WR,BAL,SEA,7.5
2019,7,Miles Sanders,RB,PHI,DAL,6.2
2019,7,Mitchell Trubisky,QB,CHI,NO,20.04
2019,7,Mohamed Sanu,WR,ATL,LA,1.3
2019,7,Nelson Agholor,WR,PHI,DAL,4.4
2019,7,Nick Boyle,TE,BAL,SEA,3.0
2019,7,Nick Scott,SS,LA,ATL,3.3
2019,7,Noah Fant,TE,DEN,KC,1.7
2019,7,Nyheim Miller-Hines,RB,IND,HOU,2.6
2019,7,Olabisi Johnson,WR,MIN,DET,14.0
2019,7,Patrick DiMarco,FB,BUF,MIA,4.1
2019,7,Patrick Mahomes,QB,KC,DEN,7.24
2019,7,Paul Richardson,WR,WAS,SF,0.0
2019,7,Pharoh Cooper,WR,ARI,NYG,6.9
2019,7,Philip Rivers,QB,LAC,TEN,21.16
2019,7,Phillip Dorsett,WR,NE,NYJ,13.6
2019,7,Phillip Lindsay,RB,DEN,KC,4.2
2019,7,Preston Williams,WR,MIA,BUF,12.2
2019,7,Randall Cobb,WR,DAL,PHI,4.9
2019,7,Rhett Ellison,TE,NYG,ARI,11.3
2019,7,Richie James,WR,SF,WAS,5.0
2019,7,Robbie Chosen,WR,NYJ,NE,2.0
2019,7,Robert Woods,WR,LA,ATL,13.6
2019,7,Ross Dwelley,TE,SF,WAS,1.2
2019,7,Royce Freeman,RB,DEN,KC,16.7
2019,7,Russell Gage,WR,ATL,LA,2.3
2019,7,Russell Wilson,QB,SEA,BAL,14.34
2019,7,Ryan Fitzpatrick,QB,MIA,BUF,20.58
2019,7,Ryan Griffin,TE,NYJ,NE,1.1
2019,7,Ryan Tannehill,QB,TEN,LAC,19.18
2019,7,Ryquell Armstead,RB,JAX,CIN,0.3
2019,7,Sam Darnold,QB,NYJ,NE,-6.66
2019,7,Saquon Barkley,RB,NYG,ARI,17.0
2019,7,Seth DeValve,TE,JAX,CIN,0.0
2019,7,Seth Roberts,WR,BAL,SEA,1.9
2019,7,Sony Michel,RB,NE,NYJ,22.4
2019,7,Stefon Diggs,WR,MIN,DET,21.3
2019,7,Steven Sims,WR,WAS,SF,3.5
2019,7,T.J. Hockenson,TE,DET,MIN,6.2
2019,7,T.Y. Hilton,WR,IND,HOU,19.4
2019,7,Tajae Sharpe,WR,TEN,LAC,9.9
2019,7,Tarik Cohen,RB,CHI,NO,11.9
2019,7,Tavon Austin,WR,DAL,PHI,8.0
2019,7,Taylor Gabriel,WR,CHI,NO,1.6
2019,7,Taysom Hill,TE,NO,CHI,9.5
2019,7,Ted Ginn,WR,NO,CHI,6.8
2019,7,Teddy Bridgewater,QB,NO,CHI,19.94
2019,7,Terry McLaurin,WR,WAS,SF,2.1
2019,7,Tevin Coleman,RB,SF,WAS,8.1
2019,7,Tim Boyle,QB,GB,LV,-0.3
2019,7,Todd Gurley,RB,LA,ATL,12.4
2019,7,Tom Brady,QB,NE,NYJ,11.96
2019,7,Tony Pollard,RB,DAL,PHI,2.8
2019,7,Travis Kelce,TE,KC,DEN,10.4
2019,7,Trent Sherfield,WR,ARI,NYG,1.4
2019,7,Trevor Davis,WR,LV,GB,4.6
2019,7,Trey Burton,TE,CHI,NO,3.1
2019,7,Trey Quinn,WR,WAS,SF,5.0
2019,7,Ty Johnson,RB,DET,MIN,9.7
2019,7,Ty Montgomery,WR,NYJ,NE,0.9
2019,7,Tyler Boyd,WR,CIN,JAX,8.5
2019,7,Tyler Eifert,TE,CIN,JAX,3.0
2019,7,Tyler Higbee,TE,LA,ATL,1.8
2019,7,Tyler Lockett,WR,SEA,BAL,16.8
2019,7,Tyreek Hill,WR,KC,DEN,16.4
2019,7,Virgil Green,TE,LAC,TEN,1.9
2019,7,Vyncint Smith,WR,NYJ,NE,0.0
2019,7,Wendell Smallwood,RB,WAS,SF,5.1
2019,7,Will Fuller,WR,HOU,IND,1.6
2019,7,Willie Snead,WR,BAL,SEA,0.2
2019,7,Zach Ertz,TE,PHI,DAL,5.8
2019,7,Zach Line,FB,NO,CHI,2.5
2019,7,Zach Pascal,WR,IND,HOU,28.6
2019,7,Zach Zenner,RB,NO,CHI,1.7
2019,8,A.J. Brown,WR,TEN,TB,9.1
2019,8,Aaron Jones,RB,GB,KC,41.6
2019,8,Aaron Rodgers,QB,GB,KC,27.1
2019,8,Adam Humphries,WR,TEN,TB,5.4
2019,8,Adam Shaheen,TE,CHI,LAC,0.0
2019,8,Adrian Peterson,RB,WAS,MIN,12.3
2019,8,Albert Wilson,WR,MIA,PIT,7.5
2019,8,Alec Ingold,FB,LV,HOU,0.2
2019,8,Alex Erickson,WR,CIN,LA,15.7
2019,8,Alexander Mattison,RB,MIN,WAS,8.4
2019,8,Allen Hurns,WR,MIA,PIT,8.2
2019,8,Allen Lazard,WR,GB,KC,9.2
2019,8,Allen Robinson,WR,CHI,LAC,11.2
2019,8,Alshon Jeffery,WR,PHI,BUF,10.4
2019,8,Andy Dalton,QB,CIN,LA,18.16
2019,8,Andy Janovich,FB,DEN,IND,2.9
2019,8,Anthony Firkser,TE,TEN,TB,7.3
2019,8,Anthony Miller,WR,CHI,LAC,9.7
2019,8,Antonio Callaway,WR,CLE,NE,3.1
2019,8,Auden Tate,WR,CIN,LA,11.5
2019,8,Austin Carr,WR,NO,ARI,1.9
2019,8,Austin Ekeler,RB,LAC,CHI,10.2
2019,8,Austin Hooper,TE,ATL,SEA,18.5
2019,8,Baker Mayfield,QB,CLE,NE,11.56
2019,8,Benjamin Watson,TE,NE,CLE,3.6
2019,8,Bennie Fowler,WR,NYG,DET,4.1
2019,8,Benny Snell,RB,PIT,MIA,1.3
2019,8,Bilal Powell,RB,NYJ,JAX,1.1
2019,8,Blake Bell,TE,KC,GB,0.0
2019,8,Boston Scott,RB,PHI,BUF,6.6
2019,8,Brandin Cooks,WR,LA,CIN,0.0
2019,8,Brandon Bolden,RB,NE,CLE,0.0
2019,8,Brandon Zylstra,WR,CAR,SF,0.0
2019,8,Breshad Perriman,WR,TB,TEN,0.0
2019,8,Brett Hundley,QB,ARI,NO,0.0
2019,8,Brett Kern,P,TEN,TB,0.0
2019,8,Brian Hill,RB,ATL,SEA,8.9
2019,8,C.J. Uzomah,TE,CIN,LA,1.4
2019,8,Calvin Ridley,WR,ATL,SEA,13.0
2019,8,Cameron Brate,TE,TB,TEN,6.2
2019,8,Carlos Hyde,RB,HOU,LV,8.3
2019,8,Carson Wentz,QB,PHI,BUF,14.38
2019,8,Case Keenum,QB,WAS,MIN,3.2
2019,8,Charles Clay,TE,ARI,NO,11.8
2019,8,Chase Edmonds,RB,ARI,NO,3.3
2019,8,Chester Rogers,WR,IND,DEN,1.7
2019,8,Chris Carson,RB,SEA,ATL,15.0
2019,8,Chris Conley,WR,JAX,NYJ,20.3
2019,8,Chris Godwin,WR,TB,TEN,10.3
2019,8,Christian Kirk,WR,ARI,NO,17.8
2019,8,Christian McCaffrey,RB,CAR,SF,27.5
2019,8,Cody Latimer,WR,NYG,DET,4.8
2019,8,Cole Beasley,WR,BUF,PHI,13.1
2019,8,Cooper Kupp,WR,LA,CIN,35.0
2019,8,Cordarrelle Patterson,RB,CHI,LAC,2.6
2019,8,Corey Davis,WR,TEN,TB,2.9
2019,8,Courtland Sutton,WR,DEN,IND,10.2
2019,8,Curtis Samuel,WR,CAR,SF,8.6
2019,8,D.J. Chark,WR,JAX,NYJ,19.9
2019,8,D.J. Moore,WR,CAR,SF,8.8
2019,8,DK Metcalf,WR,SEA,ATL,16.3
2019,8,DaeSean Hamilton,WR,DEN,IND,0.0
2019,8,Dallas Goedert,TE,PHI,BUF,11.2
2019,8,Dalvin Cook,RB,MIN,WAS,28.1
2019,8,Damien Williams,RB,KC,GB,9.0
2019,8,Damiere Byrd,WR,ARI,NO,3.8
2019,8,Dan Arnold,TE,NO,ARI,4.5
2019,8,Daniel Jones,QB,NYG,DET,28.18
2019,8,Danny Amendola,WR,DET,NYG,17.5
2019,8,Dante Pettis,WR,SF,CAR,1.5
2019,8,Dare Ogunbowale,RB,TB,TEN,1.1
2019,8,Darius Slayton,WR,NYG,DET,19.0
2019,8,Darrel Williams,RB,KC,GB,1.0
2019,8,Darrell Daniels,TE,ARI,NO,0.0
2019,8,Darrell Henderson,RB,LA,CIN,8.9
2019,8,Darren Fells,TE,HOU,LV,23.8
2019,8,Darren Waller,TE,LV,HOU,9.1
2019,8,Darwin Thompson,RB,KC,GB,0.9
2019,8,David Montgomery,RB,CHI,LAC,24.7
2019,8,David Moore,WR,SEA,ATL,3.5
2019,8,Dawson Knox,TE,BUF,PHI,0.0
2019,8,DeAndre Carter,WR,HOU,LV,5.6
2019,8,DeAndre Hopkins,WR,HOU,LV,21.9
2019,8,DeAndre Washington,RB,LV,HOU,3.7
2019,8,DeAndrew White,WR,CAR,SF,1.8
2019,8,DeVante Parker,WR,MIA,PIT,11.9
2019,8,Dede Westbrook,WR,JAX,NYJ,0.0
2019,8,Deebo Samuel,WR,SF,CAR,13.8
2019,8,Demarcus Robinson,WR,KC,GB,2.6
2019,8,Demaryius Thomas,WR,NYJ,JAX,11.3
2019,8,Demetrius Harris,TE,CLE,NE,11.3
2019,8,Deonte Harty,WR,NO,ARI,3.7
2019,8,Derek Carr,QB,LV,HOU,23.4
2019,8,Derek Watt,FB,LAC,CHI,0.2
2019,8,Derrick Henry,RB,TEN,TB,7.3
2019,8,Deshaun Watson,QB,HOU,LV,27.76
2019,8,Devin Singletary,RB,BUF,PHI,14.9
2019,8,Devonta Freeman,RB,ATL,SEA,16.2
2019,8,Dion Lewis,RB,TEN,TB,1.2
2019,8,Diontae Johnson,WR,PIT,MIA,19.4
2019,8,Diontae Spencer,WR,DEN,IND,4.3
2019,8,Donte Moncrief,WR,PIT,MIA,0.0
2019,8,Dontrell Hilliard,RB,CLE,NE,7.4
2019,8,Drew Brees,QB,NO,ARI,24.92
2019,8,Duke Johnson,RB,HOU,LV,13.4
2019,8,Duke Williams,WR,BUF,PHI,1.6
2019,8,Dwayne Haskins,QB,WAS,MIN,-0.68
2019,8,Dwayne Washington,RB,NO,ARI,3.8
2019,8,Elijhaa Penny,RB,NYG,DET,0.3
2019,8,Emmanuel Sanders,WR,SF,CAR,12.5
2019,8,Eric Ebron,TE,IND,DEN,5.6
2019,8,Evan Engram,TE,NYG,DET,14.0
2019,8,Foster Moreau,TE,LV,HOU,2.0
2019,8,Frank Gore,RB,BUF,PHI,3.4
2019,8,Fred Brown,WR,DEN,IND,2.6
2019,8,Gardner Minshew,QB,JAX,NYJ,23.96
2019,8,George Kittle,TE,SF,CAR,14.6
2019,8,Gerald Everett,TE,LA,CIN,3.5
2019,8,Geronimo Allison,WR,GB,KC,1.7
2019,8,Giovani Bernard,RB,CIN,LA,6.5
2019,8,Golden Tate,WR,NYG,DET,16.5
2019,8,Greg Olsen,TE,CAR,SF,3.3
2019,8,Hale Hentges,TE,WAS,MIN,2.3
2019,8,Hunter Henry,TE,LAC,CHI,8.7
2019,8,Hunter Renfrow,WR,LV,HOU,18.8
2019,8,Ian Thomas,TE,CAR,SF,0.0
2019,8,Irv Smith,TE,MIN,WAS,5.1
2019,8,J.D. McKissic,RB,DET,NYG,3.1
2019,8,Jack Doyle,TE,IND,DEN,10.1
2019,8,Jacob Hollister,TE,SEA,ATL,3.8
2019,8,Jacoby Brissett,QB,IND,DEN,9.48
2019,8,Jaeden Graham,TE,ATL,SEA,2.1
2019,8,Jake Kumerow,WR,GB,KC,6.8
2019,8,Jakeem Grant,WR,MIA,PIT,5.2
2019,8,Jakobi Meyers,WR,NE,CLE,1.5
2019,8,Jalen Richard,RB,LV,HOU,4.7
2019,8,Jamaal Williams,RB,GB,KC,18.6
2019,8,Jameis Winston,QB,TB,TEN,19.34
2019,8,James Conner,RB,PIT,MIA,24.0
2019,8,James Washington,WR,PIT,MIA,3.1
2019,8,James White,RB,NE,CLE,11.9
2019,8,Jamison Crowder,WR,NYJ,JAX,5.4
2019,8,Jared Goff,QB,LA,CIN,22.88
2019,8,Jarius Wright,WR,CAR,SF,3.2
2019,8,Jarvis Landry,WR,CLE,NE,11.5
2019,8,Jeff Heuerman,TE,DEN,IND,2.1
2019,8,Jeffery Wilson,RB,SF,CAR,0.6
2019,8,Jeremy Sprinkle,TE,WAS,MIN,3.2
2019,8,Jimmy Garoppolo,QB,SF,CAR,13.0
2019,8,Jimmy Graham,TE,GB,KC,5.0
2019,8,Joe Flacco,QB,DEN,IND,7.86
2019,8,Joe Mixon,RB,CIN,LA,17.7
2019,8,John Brown,WR,BUF,PHI,10.4
2019,8,Jonnu Smith,TE,TEN,TB,19.8
2019,8,Jordan Akins,TE,HOU,LV,3.1
2019,8,Jordan Howard,RB,PHI,BUF,18.1
2019,8,Jordan Scarlett,RB,CAR,SF,0.9
2019,8,Jordan Wilkins,RB,IND,DEN,0.5
2019,8,Josh Allen,QB,BUF,PHI,17.26
2019,8,Josh Hill,TE,NO,ARI,6.9
2019,8,Josh Jacobs,RB,LV,HOU,10.1
2019,8,Josh Oliver,TE,JAX,NYJ,1.6
2019,8,Josh Reynolds,WR,LA,CIN,16.2
2019,8,JuJu Smith-Schuster,WR,PIT,MIA,21.3
2019,8,Julian Edelman,WR,NE,CLE,27.5
2019,8,Julio Jones,WR,ATL,SEA,25.2
2019,8,Justin Hardy,WR,ATL,SEA,4.3
2019,8,Kalen Ballage,RB,MIA,PIT,2.9
2019,8,Keelan Cole,WR,JAX,NYJ,9.2
2019,8,Keenan Allen,WR,LAC,CHI,12.3
2019,8,Kelvin Harmon,WR,WAS,MIN,2.2
2019,8,Kendrick Bourne,WR,SF,CAR,2.2
2019,8,Kenjon Barner,RB,ATL,SEA,0.1
2019,8,Kenny Golladay,WR,DET,NYG,28.3
2019,8,Kenny Stills,WR,HOU,LV,5.2
2019,8,Kirk Cousins,QB,MIN,WAS,11.6
2019,8,Kyle Allen,QB,CAR,SF,0.32
2019,8,Kyle Rudolph,TE,MIN,WAS,4.7
2019,8,Kyler Murray,QB,ARI,NO,10.1
2019,8,Laquon Treadwell,WR,MIN,WAS,1.1
2019,8,Larry Fitzgerald,WR,ARI,NO,2.8
2019,8,Latavius Murray,RB,NO,ARI,36.7
2019,8,Le'Veon Bell,RB,NYJ,JAX,6.5
2019,8,LeSean McCoy,RB,KC,GB,8.3
2019,8,Lee Smith,TE,BUF,PHI,1.6
2019,8,Leonard Fournette,RB,JAX,NYJ,20.6
2019,8,Logan Thomas,TE,DET,NYG,2.7
2019,8,Luke Stocker,TE,ATL,SEA,2.8
2019,8,Luke Willson,TE,SEA,ATL,1.7
2019,8,Malik Turner,WR,SEA,ATL,3.1
2019,8,Marcedes Lewis,TE,GB,KC,2.1
2019,8,Mark Walton,HB,MIA,PIT,6.4
2019,8,Marlon Mack,RB,IND,DEN,16.0
2019,8,Marqise Lee,WR,JAX,NYJ,1.8
2019,8,Marquez Valdes-Scantling,WR,GB,KC,1.4
2019,8,Marvin Hall,WR,DET,NYG,11.9
2019,8,Marvin Jones,WR,DET,NYG,6.2
2019,8,Mason Rudolph,QB,PIT,MIA,16.04
2019,8,Matt Breida,RB,SF,CAR,6.0
2019,8,Matt Moore,QB,KC,GB,18.98
2019,8,Matt Schaub,QB,ATL,SEA,20.4
2019,8,Matthew Stafford,QB,DET,NYG,23.38
2019,8,Maxx Williams,TE,ARI,NO,1.9
2019,8,Mecole Hardman,WR,KC,GB,13.5
2019,8,Melvin Gordon,RB,LAC,CHI,11.4
2019,8,Michael Deiter,C,MIA,PIT,1.0
2019,8,Michael Thomas,WR,NO,ARI,27.3
2019,8,Mike Davis,RB,CHI,LAC,1.8
2019,8,Mike Evans,WR,TB,TEN,42.8
2019,8,Mike Gesicki,TE,MIA,PIT,3.0
2019,8,Mike Thomas,WR,LA,CIN,0.0
2019,8,Mike Williams,WR,LAC,CHI,9.9
2019,8,Miles Sanders,RB,PHI,BUF,22.8
2019,8,Mitchell Trubisky,QB,CHI,LAC,7.12
2019,8,Mohamed Sanu,WR,NE,CLE,4.3
2019,8,MyCole Pruitt,TE,TEN,TB,0.0
2019,8,Nelson Agholor,WR,PHI,BUF,5.4
2019,8,Nick Chubb,RB,CLE,NE,10.8
2019,8,Nick Mullens,QB,SF,CAR,-0.3
2019,8,Nick O'Leary,TE,MIA,PIT,0.0
2019,8,Nick Vannett,TE,PIT,MIA,2.5
2019,8,Noah Fant,TE,DEN,IND,7.6
2019,8,Nyheim Miller-Hines,RB,IND,DEN,7.6
2019,8,Odell Beckham,WR,CLE,NE,10.2
2019,8,Olabisi Johnson,WR,MIN,WAS,4.7
2019,8,Parris Campbell,WR,IND,DEN,0.0
2019,8,Patrick DiMarco,FB,BUF,PHI,0.0
2019,8,Paul Perkins,RB,DET,NYG,0.4
2019,8,Paul Richardson,WR,WAS,MIN,6.4
2019,8,Peyton Barber,RB,TB,TEN,3.8
2019,8,Philip Rivers,QB,LAC,CHI,10.04
2019,8,Phillip Dorsett,WR,NE,CLE,7.3
2019,8,Phillip Lindsay,RB,DEN,IND,12.6
2019,8,Preston Williams,WR,MIA,PIT,8.2
2019,8,Raheem Mostert,RB,SF,CAR,12.0
2019,8,Rashaad Penny,RB,SEA,ATL,5.5
2019,8,Rashard Higgins,WR,CLE,NE,1.2
2019,8,Reggie Bonnafon,RB,CAR,SF,1.7
2019,8,Rex Burkhead,RB,NE,CLE,2.3
2019,8,Rhett Ellison,TE,NYG,DET,0.9
2019,8,Robbie Chosen,WR,NYJ,JAX,8.3
2019,8,Robert Foster,WR,BUF,PHI,0.0
2019,8,Robert Woods,WR,LA,CIN,6.2
2019,8,Ronald Jones,RB,TB,TEN,6.2
2019,8,Roosevelt Nix,FB,PIT,MIA,2.4
2019,8,Royce Freeman,RB,DEN,IND,11.5
2019,8,Russell Gage,WR,ATL,SEA,12.8
2019,8,Russell Wilson,QB,SEA,ATL,15.68
2019,8,Ryan Fitzpatrick,QB,MIA,PIT,11.3
2019,8,Ryan Griffin,TE,NYJ,JAX,24.6
2019,8,Ryan Tannehill,QB,TEN,TB,19.42
2019,8,Ryquell Armstead,RB,JAX,NYJ,0.7
2019,8,Sam Darnold,QB,NYJ,JAX,12.62
2019,8,Sammy Watkins,WR,KC,GB,9.5
2019,8,Saquon Barkley,RB,NYG,DET,28.3
2019,8,Scott Miller,WR,TB,TEN,0.0
2019,8,Seth DeValve,TE,JAX,NYJ,2.1
2019,8,Sony Michel,RB,NE,CLE,7.4
2019,8,Stanley Morgan,WR,CIN,LA,1.3
2019,8,Stefon Diggs,WR,MIN,WAS,19.3
2019,8,T.J. Hockenson,TE,DET,NYG,3.1
2019,8,T.Y. Hilton,WR,IND,DEN,7.4
2019,8,Tajae Sharpe,WR,TEN,TB,10.8
2019,8,Tanner Hudson,TE,TB,TEN,0.0
2019,8,Tarik Cohen,RB,CHI,LAC,7.6
2019,8,Taylor Gabriel,WR,CHI,LAC,9.3
2019,8,Taysom Hill,TE,NO,ARI,15.3
2019,8,Ted Ginn,WR,NO,ARI,6.2
2019,8,Teddy Bridgewater,QB,NO,ARI,-0.2
2019,8,Terry McLaurin,WR,WAS,MIN,7.9
2019,8,Tevin Coleman,RB,SF,CAR,37.8
2019,8,Todd Gurley,RB,LA,CIN,10.4
2019,8,Tom Brady,QB,NE,CLE,18.36
2019,8,Tra Carson,RB,DET,NYG,3.4
2019,8,Travis Kelce,TE,KC,GB,16.3
2019,8,Trent Sherfield,WR,ARI,NO,0.0
2019,8,Trevor Davis,WR,LV,HOU,2.4
2019,8,Trey Burton,TE,CHI,LAC,2.6
2019,8,Trey Edmunds,RB,PIT,MIA,0.0
2019,8,Trey Quinn,WR,WAS,MIN,2.5
2019,8,Ty Johnson,RB,DET,NYG,4.8
2019,8,Tyler Boyd,WR,CIN,LA,12.8
2019,8,Tyler Eifert,TE,CIN,LA,13.4
2019,8,Tyler Higbee,TE,LA,CIN,1.8
2019,8,Tyler Kroft,TE,BUF,PHI,5.2
2019,8,Tyler Lockett,WR,SEA,ATL,16.0
2019,8,Tyreek Hill,WR,KC,GB,14.1
2019,8,Tyrell Williams,WR,LV,HOU,18.1
2019,8,Vance McDonald,TE,PIT,MIA,4.9
2019,8,Virgil Green,TE,LAC,CHI,2.0
2019,8,Vyncint Smith,WR,NYJ,JAX,4.3
2019,8,Wayne Gallman,RB,NYG,DET,3.0
2019,8,Wendell Smallwood,RB,WAS,MIN,3.0
2019,8,Zach Ertz,TE,PHI,BUF,4.0
2019,8,Zach Line,FB,NO,ARI,2.9
2019,8,Zach Pascal,WR,IND,DEN,1.6
2019,8,Zach Zenner,RB,ARI,NO,2.3
2019,8,Zay Jones,WR,LV,HOU,4.7
2019,9,A.J. Brown,WR,TEN,CAR,12.1
2019,9,Aaron Jones,RB,GB,LAC,3.9
2019,9,Aaron Rodgers,QB,GB,LAC,12.94
2019,9,Adam Humphries,WR,TEN,CAR,10.5
2019,9,Adam Shaheen,TE,CHI,PHI,0.0
2019,9,Adam Thielen,WR,MIN,KC,0.0
2019,9,Adrian Peterson,RB,WAS,BUF,14.0
2019,9,Albert Wilson,WR,MIA,NYJ,1.3
2019,9,Alec Ingold,FB,LV,DET,0.2
2019,9,Alexander Mattison,RB,MIN,KC,0.6
2019,9,Alfred Morris,RB,ARI,SF,0.4
2019,9,Allen Hurns,WR,MIA,NYJ,3.6
2019,9,Allen Lazard,WR,GB,LAC,7.4
2019,9,Allen Robinson,WR,CHI,PHI,1.6
2019,9,Alshon Jeffery,WR,PHI,CHI,7.6
2019,9,Amari Cooper,WR,DAL,NYG,18.0
2019,9,Ameer Abdullah,RB,MIN,KC,8.8
2019,9,Andy Isabella,WR,ARI,SF,15.8
2019,9,Anthony Firkser,TE,TEN,CAR,0.0
2019,9,Anthony Miller,WR,CHI,PHI,0.0
2019,9,Antonio Callaway,WR,CLE,DEN,9.6
2019,9,Antony Auclair,TE,TB,SEA,2.1
2019,9,Austin Ekeler,RB,LAC,GB,13.3
2019,9,Baker Mayfield,QB,CLE,DEN,17.12
2019,9,Ben Koyack,TE,JAX,HOU,0.0
2019,9,Benjamin Watson,TE,NE,BAL,6.8
2019,9,Bennie Fowler,WR,NYG,DAL,5.2
2019,9,Bilal Powell,RB,NYJ,MIA,1.6
2019,9,Blake Bell,TE,KC,MIN,1.2
2019,9,Blake Jarwin,TE,DAL,NYG,11.2
2019,9,Brandon Allen,QB,DEN,CLE,17.02
2019,9,Breshad Perriman,WR,TB,SEA,14.2
2019,9,Brian Hoyer,QB,IND,PIT,15.32
2019,9,C.J. Board,WR,JAX,HOU,3.3
2019,9,C.J. Ham,FB,MIN,KC,5.7
2019,9,Carlos Hyde,RB,HOU,JAX,14.0
2019,9,Carson Wentz,QB,PHI,CHI,15.06
2019,9,Charles Clay,TE,ARI,SF,1.6
2019,9,Chester Rogers,WR,IND,PIT,11.2
2019,9,Chris Carson,RB,SEA,TB,13.3
2019,9,Chris Conley,WR,JAX,HOU,5.2
2019,9,Chris Godwin,WR,TB,SEA,13.9
2019,9,Christian Kirk,WR,ARI,SF,3.6
2019,9,Christian McCaffrey,RB,CAR,TEN,37.6
2019,9,Cody Latimer,WR,NYG,DAL,8.8
2019,9,Cole Beasley,WR,BUF,WAS,9.3
2019,9,Colin Jones,FS,CAR,TEN,0.5
2019,9,Cordarrelle Patterson,RB,CHI,PHI,1.5
2019,9,Corey Davis,WR,TEN,CAR,8.8
2019,9,Courtland Sutton,WR,DEN,CLE,17.3
2019,9,Curtis Samuel,WR,CAR,TEN,16.4
2019,9,D.J. Chark,WR,JAX,HOU,7.2
2019,9,D.J. Moore,WR,CAR,TEN,17.1
2019,9,DK Metcalf,WR,SEA,TB,27.0
2019,9,Dak Prescott,QB,DAL,NYG,21.48
2019,9,Dallas Goedert,TE,PHI,CHI,7.9
2019,9,Dalvin Cook,RB,MIN,KC,15.6
2019,9,Damien Williams,RB,KC,MIN,20.8
2019,9,Daniel Jones,QB,NYG,DAL,11.8
2019,9,Danny Amendola,WR,DET,LV,5.9
2019,9,Dante Pettis,WR,SF,ARI,9.1
2019,9,Dare Ogunbowale,RB,TB,SEA,8.3
2019,9,Darius Slayton,WR,NYG,DAL,1.6
2019,9,Darrel Williams,RB,KC,MIN,0.1
2019,9,Darren Fells,TE,HOU,JAX,7.1
2019,9,Darren Sproles,RB,PHI,CHI,2.0
2019,9,Darren Waller,TE,LV,DET,7.2
2019,9,Davante Adams,WR,GB,LAC,11.1
2019,9,David Montgomery,RB,CHI,PHI,22.6
2019,9,David Moore,WR,SEA,TB,3.8
2019,9,Dawson Knox,TE,BUF,WAS,3.4
2019,9,DeAndre Carter,WR,HOU,JAX,1.8
2019,9,DeAndre Hopkins,WR,HOU,JAX,19.4
2019,9,DeAndre Washington,RB,LV,DET,3.8
2019,9,DeSean Jackson,WR,PHI,CHI,1.5
2019,9,DeVante Parker,WR,MIA,NYJ,15.7
2019,9,Deebo Samuel,WR,SF,ARI,8.0
2019,9,Demarcus Robinson,WR,KC,MIN,1.5
2019,9,Demaryius Thomas,WR,NYJ,MIA,3.9
2019,9,Demetrius Harris,TE,CLE,DEN,5.5
2019,9,Deon Cain,WR,IND,PIT,0.0
2019,9,Derek Carr,QB,LV,DET,19.56
2019,9,Derek Carrier,TE,LV,DET,2.7
2019,9,Derrick Henry,RB,TEN,CAR,24.9
2019,9,Deshaun Watson,QB,HOU,JAX,19.74
2019,9,Devin Singletary,RB,BUF,WAS,23.0
2019,9,Devontae Booker,RB,DEN,CLE,2.4
2019,9,Dion Lewis,RB,TEN,CAR,8.3
2019,9,Diontae Johnson,WR,PIT,IND,1.5
2019,9,Diontae Spencer,WR,DEN,CLE,-1.0
2019,9,Dontrell Hilliard,RB,CLE,DEN,3.4
2019,9,Duke Johnson,RB,HOU,JAX,19.1
2019,9,Dwayne Haskins,QB,WAS,BUF,7.16
2019,9,Emmanuel Sanders,WR,SF,ARI,24.2
2019,9,Eric Ebron,TE,IND,PIT,3.6
2019,9,Evan Engram,TE,NYG,DAL,11.0
2019,9,Ezekiel Elliott,RB,DAL,NYG,13.9
2019,9,Foster Moreau,TE,LV,DET,7.3
2019,9,Frank Gore,RB,BUF,WAS,1.5
2019,9,Gardner Minshew,QB,JAX,HOU,7.76
2019,9,George Kittle,TE,SF,ARI,19.9
2019,9,Geronimo Allison,WR,GB,LAC,4.1
2019,9,Golden Tate,WR,NYG,DAL,11.8
2019,9,Greg Olsen,TE,CAR,TEN,7.0
2019,9,Gus Edwards,RB,BAL,NE,8.7
2019,9,Hayden Hurst,TE,BAL,NE,3.5
2019,9,Hunter Henry,TE,LAC,GB,15.4
2019,9,Hunter Renfrow,WR,LV,DET,17.4
2019,9,Irv Smith,TE,MIN,KC,7.3
2019,9,Isaiah McKenzie,WR,BUF,WAS,4.2
2019,9,J.D. McKissic,RB,DET,LV,16.2
2019,9,Jack Doyle,TE,IND,PIT,11.2
2019,9,Jacob Hollister,TE,SEA,TB,19.7
2019,9,Jacoby Brissett,QB,IND,PIT,2.76
2019,9,Jake Kumerow,WR,GB,LAC,0.0
2019,9,Jakeem Grant,WR,MIA,NYJ,6.3
2019,9,Jalen Richard,RB,LV,DET,9.8
2019,9,Jamaal Williams,RB,GB,LAC,16.9
2019,9,Jameis Winston,QB,TB,SEA,20.2
2019,9,James Washington,WR,PIT,IND,10.9
2019,9,James White,RB,NE,BAL,16.4
2019,9,Jamison Crowder,WR,NYJ,MIA,22.3
2019,9,Jarius Wright,WR,CAR,TEN,-0.7
2019,9,Jarvis Landry,WR,CLE,DEN,17.1
2019,9,Jason Witten,TE,DAL,NYG,13.8
2019,9,Jaylen Samuels,RB,PIT,IND,19.3
2019,9,Jeffery Wilson,RB,SF,ARI,1.2
2019,9,Jeremy Sprinkle,TE,WAS,BUF,2.6
2019,9,Jesse James,TE,DET,LV,1.3
2019,9,Jimmy Garoppolo,QB,SF,ARI,28.88
2019,9,Jimmy Graham,TE,GB,LAC,5.7
2019,9,John Brown,WR,BUF,WAS,11.6
2019,9,Johnny Holton,WR,PIT,IND,0.0
2019,9,Jonnu Smith,TE,TEN,CAR,4.8
2019,9,Jordan Akins,TE,HOU,JAX,5.4
2019,9,Jordan Howard,RB,PHI,CHI,15.3
2019,9,Jordan Wilkins,RB,IND,PIT,2.2
2019,9,Josh Allen,QB,BUF,WAS,17.6
2019,9,Josh Jacobs,RB,LV,DET,24.0
2019,9,Josh Oliver,TE,JAX,HOU,1.4
2019,9,JuJu Smith-Schuster,WR,PIT,IND,4.6
2019,9,Julian Edelman,WR,NE,BAL,16.9
2019,9,Justice Hill,RB,BAL,NE,0.7
2019,9,Justin Jackson,RB,LAC,GB,2.4
2019,9,Kalen Ballage,RB,MIA,NYJ,1.9
2019,9,Kalif Raymond,WR,TEN,CAR,3.9
2019,9,KeeSean Johnson,WR,ARI,SF,10.2
2019,9,Keelan Cole,WR,JAX,HOU,13.0
2019,9,Keenan Allen,WR,LAC,GB,7.0
2019,9,Kelvin Harmon,WR,WAS,BUF,1.6
2019,9,Kendrick Bourne,WR,SF,ARI,7.7
2019,9,Kenny Golladay,WR,DET,LV,23.2
2019,9,Kenny Stills,WR,HOU,JAX,9.2
2019,9,Kenyan Drake,RB,ARI,SF,28.2
2019,9,KhaDarel Hodge,WR,CLE,DEN,2.0
2019,9,Kirk Cousins,QB,MIN,KC,21.3
2019,9,Kyle Allen,QB,CAR,TEN,14.88
2019,9,Kyle Rudolph,TE,MIN,KC,11.3
2019,9,Kyler Murray,QB,ARI,SF,23.04
2019,9,Lamar Jackson,QB,BAL,NE,28.62
2019,9,Laquon Treadwell,WR,MIN,KC,8.8
2019,9,Larry Fitzgerald,WR,ARI,SF,7.8
2019,9,Le'Veon Bell,RB,NYJ,MIA,20.1
2019,9,LeSean McCoy,RB,KC,MIN,1.9
2019,9,Leonard Fournette,RB,JAX,HOU,12.2
2019,9,Logan Cooke,P,JAX,HOU,0.0
2019,9,Logan Thomas,TE,DET,LV,2.3
2019,9,Luke Willson,TE,SEA,TB,4.0
2019,9,Marcell Ateman,WR,LV,DET,4.4
2019,9,Mark Andrews,TE,BAL,NE,4.1
2019,9,Mark Ingram,RB,BAL,NE,14.4
2019,9,Mark Walton,HB,MIA,NYJ,7.1
2019,9,Marlon Mack,RB,IND,PIT,8.9
2019,9,Marquez Valdes-Scantling,WR,GB,LAC,0.0
2019,9,Marquise Brown,WR,BAL,NE,7.8
2019,9,Marvin Hall,WR,DET,LV,0.7
2019,9,Marvin Jones,WR,DET,LV,26.6
2019,9,Mason Rudolph,QB,PIT,IND,10.14
2019,9,Matt Breida,RB,SF,ARI,11.2
2019,9,Matt Moore,QB,KC,MIN,15.0
2019,9,Matthew Stafford,QB,DET,LV,24.84
2019,9,Maxx Williams,TE,ARI,SF,2.2
2019,9,Mecole Hardman,WR,KC,MIN,0.7
2019,9,Melvin Gordon,RB,LAC,GB,25.9
2019,9,Michael Gallup,WR,DAL,NYG,11.3
2019,9,Mike Evans,WR,TB,SEA,36.0
2019,9,Mike Gesicki,TE,MIA,NYJ,15.5
2019,9,Mike Williams,WR,LAC,GB,14.3
2019,9,Miles Boykin,WR,BAL,NE,0.0
2019,9,Miles Sanders,RB,PHI,CHI,10.3
2019,9,Mitchell Trubisky,QB,CHI,PHI,6.5
2019,9,Mo Alie-Cox,TE,IND,PIT,2.1
2019,9,Mohamed Sanu,WR,NE,BAL,24.1
2019,9,Nelson Agholor,WR,PHI,CHI,5.1
2019,9,Nick Boyle,TE,BAL,NE,13.7
2019,9,Nick Chubb,RB,CLE,DEN,13.1
2019,9,Nick Vannett,TE,PIT,IND,0.0
2019,9,Noah Fant,TE,DEN,CLE,20.5
2019,9,Nyheim Miller-Hines,RB,IND,PIT,3.8
2019,9,Odell Beckham,WR,CLE,DEN,13.2
2019,9,Olabisi Johnson,WR,MIN,KC,7.4
2019,9,Parris Campbell,WR,IND,PIT,13.0
2019,9,Patrick Ricard,FB,BAL,NE,1.8
2019,9,Paul Perkins,RB,DET,LV,1.6
2019,9,Paul Richardson,WR,WAS,BUF,8.2
2019,9,Peyton Barber,RB,TB,SEA,1.5
2019,9,Pharoh Cooper,WR,ARI,SF,3.5
2019,9,Philip Rivers,QB,LAC,GB,11.76
2019,9,Phillip Dorsett,WR,NE,BAL,3.3
2019,9,Phillip Lindsay,RB,DEN,CLE,15.2
2019,9,Preston Williams,WR,MIA,NYJ,24.2
2019,9,Raheem Mostert,RB,SF,ARI,-0.2
2019,9,Randall Cobb,WR,DAL,NYG,7.5
2019,9,Rashaad Penny,RB,SEA,TB,1.2
2019,9,Rashard Higgins,WR,CLE,DEN,0.0
2019,9,Reggie Bonnafon,RB,CAR,TEN,2.3
2019,9,Rex Burkhead,RB,NE,BAL,4.4
2019,9,Rhett Ellison,TE,NYG,DAL,3.7
2019,9,Ricky Seals-Jones,TE,CLE,DEN,3.2
2019,9,Robbie Chosen,WR,NYJ,MIA,5.3
2019,9,Robert Foster,WR,BUF,WAS,0.0
2019,9,Ronald Jones,RB,TB,SEA,16.2
2019,9,Roosevelt Nix,FB,PIT,IND,0.0
2019,9,Ross Dwelley,TE,SF,ARI,6.9
2019,9,Royce Freeman,RB,DEN,CLE,2.4
2019,9,Russell Wilson,QB,SEA,TB,39.22
2019,9,Ryan Fitzpatrick,QB,MIA,NYJ,23.72
2019,9,Ryan Griffin,TE,NYJ,MIA,11.0
2019,9,Ryan Tannehill,QB,TEN,CAR,23.04
2019,9,Ryquell Armstead,RB,JAX,HOU,11.5
2019,9,Sam Darnold,QB,NYJ,MIA,12.5
2019,9,Sammy Watkins,WR,KC,MIN,13.3
2019,9,Saquon Barkley,RB,NYG,DAL,15.5
2019,9,Scott Miller,WR,TB,SEA,0.0
2019,9,Seth DeValve,TE,JAX,HOU,8.1
2019,9,Seth Roberts,WR,BAL,NE,0.0
2019,9,Sony Michel,RB,NE,BAL,4.0
2019,9,Stefon Diggs,WR,MIN,KC,2.6
2019,9,Stephen Carlson,TE,CLE,DEN,0.0
2019,9,Steven Mitchell,WR,HOU,JAX,0.0
2019,9,Steven Sims,WR,WAS,BUF,2.2
2019,9,T.J. Hockenson,TE,DET,LV,8.6
2019,9,T.J. Logan,RB,TB,SEA,1.2
2019,9,Tajae Sharpe,WR,TEN,CAR,5.1
2019,9,Tanner Hudson,TE,TB,SEA,2.2
2019,9,Tarik Cohen,RB,CHI,PHI,3.6
2019,9,Taylor Gabriel,WR,CHI,PHI,9.9
2019,9,Terry McLaurin,WR,WAS,BUF,7.9
2019,9,Tevin Coleman,RB,SF,ARI,5.6
2019,9,Tom Brady,QB,NE,BAL,13.4
2019,9,Tony Brooks-James,RB,PIT,IND,0.0
2019,9,Tony Pollard,RB,DAL,NYG,4.0
2019,9,Travis Kelce,TE,KC,MIN,13.2
2019,9,Trey Burton,TE,CHI,PHI,0.0
2019,9,Trey Edmunds,RB,PIT,IND,7.3
2019,9,Trey Quinn,WR,WAS,BUF,1.9
2019,9,Troy Fumagalli,TE,DEN,CLE,1.9
2019,9,Ty Johnson,RB,DET,LV,6.6
2019,9,Tyler Kroft,TE,BUF,WAS,0.0
2019,9,Tyler Lockett,WR,SEA,TB,40.2
2019,9,Tyreek Hill,WR,KC,MIN,26.5
2019,9,Tyrell Williams,WR,LV,DET,7.8
2019,9,Vance McDonald,TE,PIT,IND,14.0
2019,9,Vyncint Smith,WR,NYJ,MIA,3.0
2019,9,Wayne Gallman,RB,NYG,DAL,0.0
2019,9,Wendell Smallwood,RB,WAS,BUF,2.3
2019,9,Willie Snead,WR,BAL,NE,3.5
2019,9,Zach Ertz,TE,PHI,CHI,25.3
2019,9,Zach Pascal,WR,IND,PIT,18.6
2019,9,Zach Zenner,RB,ARI,SF,-0.3
2019,9,Zay Jones,WR,LV,DET,5.4
2019,10,A.J. Brown,WR,TEN,KC,2.7
2019,10,Aaron Jones,RB,GB,CAR,27.3
2019,10,Aaron Rodgers,QB,GB,CAR,10.02
2019,10,Adam Humphries,WR,TEN,KC,9.3
2019,10,Albert Wilson,WR,MIA,IND,1.0
2019,10,Alec Ingold,FB,LV,LAC,8.2
2019,10,Alex Erickson,WR,CIN,BAL,1.3
2019,10,Alexander Mattison,RB,MIN,DAL,6.4
2019,10,Allen Hurns,WR,MIA,IND,5.2
2019,10,Allen Lazard,WR,GB,CAR,5.7
2019,10,Allen Robinson,WR,CHI,DET,14.6
2019,10,Alvin Kamara,RB,NO,ATL,15.4
2019,10,Amari Cooper,WR,DAL,MIN,31.7
2019,10,Andre Patton,WR,LAC,LV,0.0
2019,10,Andre Roberts,WR,BUF,CLE,1.7
2019,10,Andy Isabella,WR,ARI,TB,10.8
2019,10,Andy Lee,P,ARI,TB,1.04
2019,10,Anthony Firkser,TE,TEN,KC,12.6
2019,10,Anthony Miller,WR,CHI,DET,1.7
2019,10,Auden Tate,WR,CIN,BAL,6.6
2019,10,Austin Ekeler,RB,LAC,LV,12.8
2019,10,Austin Hooper,TE,ATL,NO,11.7
2019,10,Baker Mayfield,QB,CLE,BUF,17.62
2019,10,Ben Braunecker,TE,CHI,DET,8.8
2019,10,Bennie Fowler,WR,NYG,NYJ,5.6
2019,10,Bilal Powell,RB,NYJ,NYG,1.5
2019,10,Blake Bortles,QB,LA,PIT,0.1
2019,10,Blake Jarwin,TE,DAL,MIN,6.5
2019,10,Breshad Perriman,WR,TB,ARI,3.7
2019,10,Brian Hill,RB,ATL,NO,14.1
2019,10,Brian Hoyer,QB,IND,MIA,6.16
2019,10,C.J. Ham,FB,MIN,DAL,-0.1
2019,10,Calvin Ridley,WR,ATL,NO,7.7
2019,10,Charles Clay,TE,ARI,TB,1.5
2019,10,Chester Rogers,WR,IND,MIA,5.1
2019,10,Chris Carson,RB,SEA,SF,19.1
2019,10,Chris Godwin,WR,TB,ARI,13.4
2019,10,Christian Blake,WR,ATL,NO,3.5
2019,10,Christian Kirk,WR,ARI,TB,37.8
2019,10,Christian McCaffrey,RB,CAR,GB,26.1
2019,10,Christopher Herndon,TE,NYJ,NYG,1.7
2019,10,Clive Walford,TE,MIA,IND,1.8
2019,10,Cody Latimer,WR,NYG,NYJ,0.0
2019,10,Cole Beasley,WR,BUF,CLE,11.4
2019,10,Cooper Kupp,WR,LA,PIT,0.0
2019,10,Curtis Samuel,WR,CAR,GB,13.5
2019,10,D.J. Moore,WR,CAR,GB,21.0
2019,10,DK Metcalf,WR,SEA,SF,11.0
2019,10,Dak Prescott,QB,DAL,MIN,25.88
2019,10,Dalvin Cook,RB,MIN,DAL,31.3
2019,10,Damien Williams,RB,KC,TEN,13.9
2019,10,Dan Vitale,FB,GB,CAR,0.0
2019,10,Daniel Jones,QB,NYG,NYJ,30.32
2019,10,Danny Amendola,WR,DET,CHI,6.9
2019,10,Dante Pettis,WR,SF,SEA,0.0
2019,10,Dare Ogunbowale,RB,TB,ARI,5.4
2019,10,Darius Slayton,WR,NYG,NYJ,34.1
2019,10,Darrel Williams,RB,KC,TEN,2.5
2019,10,Darrell Henderson,RB,LA,PIT,0.4
2019,10,Darren Waller,TE,LV,LAC,7.0
2019,10,Darwin Thompson,RB,KC,TEN,1.7
2019,10,Davante Adams,WR,GB,CAR,18.8
2019,10,David Johnson,RB,ARI,TB,0.0
2019,10,David Long,CB,LA,PIT,0.0
2019,10,David Montgomery,RB,CHI,DET,6.0
2019,10,David Moore,WR,SEA,SF,0.0
2019,10,Dawson Knox,TE,BUF,CLE,9.5
2019,10,DeAndre Washington,RB,LV,LAC,3.9
2019,10,DeVante Parker,WR,MIA,IND,11.9
2019,10,Deebo Samuel,WR,SF,SEA,19.2
2019,10,Demarcus Robinson,WR,KC,TEN,9.6
2019,10,Demaryius Thomas,WR,NYJ,NYG,14.4
2019,10,Demetrius Harris,TE,CLE,BUF,4.8
2019,10,Deon Yelder,TE,KC,TEN,1.7
2019,10,Derek Carr,QB,LV,LAC,13.12
2019,10,Derek Watt,FB,LAC,LV,0.1
2019,10,Derrick Henry,RB,TEN,KC,33.1
2019,10,Devin Singletary,RB,BUF,CLE,8.0
2019,10,Devonta Freeman,RB,ATL,NO,7.8
2019,10,Diontae Johnson,WR,PIT,LA,10.4
2019,10,Drew Brees,QB,NO,ATL,11.48
2019,10,Drew Sample,TE,CIN,BAL,1.3
2019,10,Dustin Colquitt,P,KC,TEN,0.0
2019,10,Emmanuel Sanders,WR,SF,SEA,4.4
2019,10,Eric Ebron,TE,IND,MIA,10.6
2019,10,Ezekiel Elliott,RB,DAL,MIN,8.3
2019,10,Frank Gore,RB,BUF,CLE,2.6
2019,10,Gerald Everett,TE,LA,PIT,14.8
2019,10,Geronimo Allison,WR,GB,CAR,3.6
2019,10,Giovani Bernard,RB,CIN,BAL,-0.2
2019,10,Golden Tate,WR,NYG,NYJ,23.5
2019,10,Greg Olsen,TE,CAR,GB,17.8
2019,10,Gus Edwards,RB,BAL,CIN,1.7
2019,10,Hayden Hurst,TE,BAL,CIN,4.0
2019,10,Hunter Henry,TE,LAC,LV,13.0
2019,10,Hunter Renfrow,WR,LV,LAC,8.2
2019,10,Irv Smith,TE,MIN,DAL,8.4
2019,10,Isaiah McKenzie,WR,BUF,CLE,3.9
2019,10,J.D. McKissic,RB,DET,CHI,11.5
2019,10,Jack Doyle,TE,IND,MIA,13.4
2019,10,Jacob Hollister,TE,SEA,SF,20.2
2019,10,Jake Kumerow,WR,GB,CAR,4.3
2019,10,Jakeem Grant,WR,MIA,IND,3.5
2019,10,Jalen Richard,RB,LV,LAC,8.3
2019,10,Jamaal Williams,RB,GB,CAR,6.3
2019,10,Jameis Winston,QB,TB,ARI,18.32
2019,10,James Washington,WR,PIT,LA,19.0
2019,10,Jamison Crowder,WR,NYJ,NYG,19.1
2019,10,Jared Cook,TE,NO,ATL,13.4
2019,10,Jared Goff,QB,LA,PIT,3.72
2019,10,Jarius Wright,WR,CAR,GB,3.1
2019,10,Jarvis Landry,WR,CLE,BUF,24.7
2019,10,Jason Moore,WR,LAC,LV,0.0
2019,10,Jason Witten,TE,DAL,MIN,3.7
2019,10,Jaylen Samuels,RB,PIT,LA,7.0
2019,10,Jeff Driskel,QB,DET,CHI,18.06
2019,10,Jesse James,TE,DET,CHI,0.0
2019,10,Jimmy Garoppolo,QB,SF,SEA,10.02
2019,10,Jimmy Graham,TE,GB,CAR,7.9
2019,10,Joe Mixon,RB,CIN,BAL,17.1
2019,10,John Brown,WR,BUF,CLE,12.7
2019,10,Johnny Hekker,P,LA,PIT,-2.0
2019,10,Johnny Mundt,TE,LA,PIT,1.9
2019,10,Jonathan Williams,RB,IND,MIA,0.1
2019,10,Jonnu Smith,TE,TEN,KC,7.0
2019,10,Jordan Wilkins,RB,IND,MIA,2.0
2019,10,Josh Allen,QB,BUF,CLE,25.44
2019,10,Josh Gordon,WR,SEA,SF,4.7
2019,10,Josh Jacobs,RB,LV,LAC,19.1
2019,10,Josh Reynolds,WR,LA,PIT,7.9
2019,10,JuJu Smith-Schuster,WR,PIT,LA,7.4
2019,10,Julio Jones,WR,ATL,NO,10.9
2019,10,Justice Hill,RB,BAL,CIN,1.1
2019,10,Kaden Smith,TE,NYG,NYJ,1.1
2019,10,Kalen Ballage,RB,MIA,IND,8.5
2019,10,Kalif Raymond,WR,TEN,KC,6.2
2019,10,Kareem Hunt,RB,CLE,BUF,14.4
2019,10,KeeSean Johnson,WR,ARI,TB,0.0
2019,10,Keenan Allen,WR,LAC,LV,16.6
2019,10,Kendrick Bourne,WR,SF,SEA,16.2
2019,10,Kenjon Barner,RB,ATL,NO,1.2
2019,10,Kenny Golladay,WR,DET,CHI,14.7
2019,10,Kenyan Drake,RB,ARI,TB,10.1
2019,10,Kirk Cousins,QB,MIN,DAL,19.3
2019,10,Kyle Allen,QB,CAR,GB,13.48
2019,10,Kyle Juszczyk,FB,SF,SEA,0.0
2019,10,Kyle Rudolph,TE,MIN,DAL,19.4
2019,10,Kyler Murray,QB,ARI,TB,26.76
2019,10,Lamar Jackson,QB,BAL,CIN,33.42
2019,10,Lance Kendricks,TE,LAC,LV,0.0
2019,10,Laquon Treadwell,WR,MIN,DAL,2.0
2019,10,Larry Fitzgerald,WR,ARI,TB,15.1
2019,10,Latavius Murray,RB,NO,ATL,3.9
2019,10,Le'Veon Bell,RB,NYJ,NYG,16.8
2019,10,Logan Thomas,TE,DET,CHI,3.9
2019,10,Malcolm Brown,RB,LA,PIT,1.0
2019,10,Malik Turner,WR,SEA,SF,5.5
2019,10,Marcus Johnson,WR,IND,MIA,1.9
2019,10,Mark Andrews,TE,BAL,CIN,23.3
2019,10,Mark Ingram,RB,BAL,CIN,9.4
2019,10,Marlon Mack,RB,IND,MIA,9.2
2019,10,Marquez Valdes-Scantling,WR,GB,CAR,0.0
2019,10,Marquise Brown,WR,BAL,CIN,18.0
2019,10,Marquise Goodwin,WR,SF,SEA,0.0
2019,10,Marvin Jones,WR,DET,CHI,12.7
2019,10,Mason Rudolph,QB,PIT,LA,13.58
2019,10,Matt Breida,RB,SF,SEA,4.5
2019,10,Matt Ryan,QB,ATL,NO,14.58
2019,10,Maxx Williams,TE,ARI,TB,2.5
2019,10,Mecole Hardman,WR,KC,TEN,13.3
2019,10,Melvin Gordon,RB,LAC,LV,20.3
2019,10,Michael Gallup,WR,DAL,MIN,17.6
2019,10,Michael Thomas,WR,NO,ATL,28.2
2019,10,Mike Evans,WR,TB,ARI,12.2
2019,10,Mike Gesicki,TE,MIA,IND,3.8
2019,10,Mike Williams,WR,LAC,LV,7.5
2019,10,Mitchell Trubisky,QB,CHI,DET,19.72
2019,10,Mo Alie-Cox,TE,IND,MIA,0.0
2019,10,Myles Gaskin,RB,MIA,IND,1.0
2019,10,Nick Bawden,FB,DET,CHI,1.3
2019,10,Nick Boyle,TE,BAL,CIN,11.8
2019,10,Nick Chubb,RB,CLE,BUF,14.1
2019,10,Nick Vannett,TE,PIT,LA,1.8
2019,10,Nyheim Miller-Hines,RB,IND,MIA,8.4
2019,10,O.J. Howard,TE,TB,ARI,14.7
2019,10,Odell Beckham,WR,CLE,BUF,10.7
2019,10,Olabisi Johnson,WR,MIN,DAL,4.5
2019,10,Patrick DiMarco,FB,BUF,CLE,1.4
2019,10,Patrick Laird,RB,MIA,IND,3.9
2019,10,Patrick Mahomes,QB,KC,TEN,29.84
2019,10,Paul Perkins,RB,DET,CHI,2.8
2019,10,Peyton Barber,RB,TB,ARI,11.7
2019,10,Pharoh Cooper,WR,ARI,TB,4.9
2019,10,Philip Rivers,QB,LAC,LV,10.28
2019,10,Raheem Mostert,RB,SF,SEA,4.5
2019,10,Randall Cobb,WR,DAL,MIN,22.6
2019,10,Rashaad Penny,RB,SEA,SF,-1.8
2019,10,Rashard Higgins,WR,CLE,BUF,7.7
2019,10,Rhett Ellison,TE,NYG,NYJ,7.2
2019,10,Robbie Chosen,WR,NYJ,NYG,2.1
2019,10,Robert Foster,WR,BUF,CLE,3.0
2019,10,Robert Griffin,QB,BAL,CIN,-1.2
2019,10,Robert Woods,WR,LA,PIT,16.5
2019,10,Ronald Jones,RB,TB,ARI,22.6
2019,10,Ross Dwelley,TE,SF,SEA,5.4
2019,10,Russell Gage,WR,ATL,NO,6.3
2019,10,Russell Wilson,QB,SEA,SF,16.58
2019,10,Ryan Finley,QB,CIN,BAL,8.88
2019,10,Ryan Fitzpatrick,QB,MIA,IND,13.06
2019,10,Ryan Griffin,TE,NYJ,NYG,0.8
2019,10,Ryan Tannehill,QB,TEN,KC,18.94
2019,10,Sam Darnold,QB,NYJ,NYG,21.7
2019,10,Sammy Watkins,WR,KC,TEN,10.1
2019,10,Saquon Barkley,RB,NYG,NYJ,8.1
2019,10,Scott Miller,WR,TB,ARI,5.3
2019,10,Stanley Morgan,WR,CIN,BAL,1.9
2019,10,Stefon Diggs,WR,MIN,DAL,7.9
2019,10,T.J. Hockenson,TE,DET,CHI,7.7
2019,10,T.J. Logan,RB,TB,ARI,0.6
2019,10,Tajae Sharpe,WR,TEN,KC,3.0
2019,10,Tarik Cohen,RB,CHI,DET,13.7
2019,10,Tavon Austin,WR,DAL,MIN,0.7
2019,10,Taylor Gabriel,WR,CHI,DET,13.8
2019,10,Taysom Hill,TE,NO,ATL,3.08
2019,10,Ted Ginn,WR,NO,ATL,0.5
2019,10,Tevin Coleman,RB,SF,SEA,11.2
2019,10,Todd Gurley,RB,LA,PIT,7.3
2019,10,Tony Brooks-James,RB,PIT,LA,1.1
2019,10,Tony Pollard,RB,DAL,MIN,-0.4
2019,10,Travis Kelce,TE,KC,TEN,20.5
2019,10,Tre'Quan Smith,WR,NO,ATL,2.3
2019,10,Trent Sherfield,WR,ARI,TB,0.0
2019,10,Trevon Wesco,TE,NYJ,NYG,2.7
2019,10,Trey Burton,TE,CHI,DET,0.0
2019,10,Trey Edmunds,RB,PIT,LA,3.5
2019,10,Ty Johnson,RB,DET,CHI,2.9
2019,10,Tyler Boyd,WR,CIN,BAL,12.2
2019,10,Tyler Conklin,TE,MIN,DAL,0.0
2019,10,Tyler Eifert,TE,CIN,BAL,10.0
2019,10,Tyler Higbee,TE,LA,PIT,5.2
2019,10,Tyler Lockett,WR,SEA,SF,5.9
2019,10,Tyreek Hill,WR,KC,TEN,33.0
2019,10,Tyrell Williams,WR,LV,LAC,5.5
2019,10,Vance McDonald,TE,PIT,LA,4.3
2019,10,Vyncint Smith,WR,NYJ,NYG,0.0
2019,10,Wayne Gallman,RB,NYG,NYJ,1.5
2019,10,Willie Snead,WR,BAL,CIN,3.2
2019,10,Zach Line,FB,NO,ATL,2.5
2019,10,Zach Pascal,WR,IND,MIA,4.6
2019,10,Zay Jones,WR,LV,LAC,2.0
2019,11,AJ McCarron,QB,HOU,BAL,0.0
2019,11,Adrian Peterson,RB,WAS,NYJ,5.0
2019,11,Albert Wilson,WR,MIA,BUF,5.6
2019,11,Alec Ingold,FB,LV,CIN,0.3
2019,11,Alex Erickson,WR,CIN,LV,1.0
2019,11,Alexander Mattison,RB,MIN,DEN,0.5
2019,11,Allen Hurns,WR,MIA,BUF,7.3
2019,11,Allen Robinson,WR,CHI,LA,5.5
2019,11,Alvin Kamara,RB,NO,TB,22.2
2019,11,Amari Cooper,WR,DAL,DET,6.8
2019,11,Ameer Abdullah,RB,MIN,DEN,3.6
2019,11,Andre Patton,WR,LAC,KC,0.0
2019,11,Andy Isabella,WR,ARI,SF,1.6
2019,11,Andy Janovich,FB,DEN,MIN,7.4
2019,11,Anthony Miller,WR,CHI,LA,11.4
2019,11,Auden Tate,WR,CIN,LV,9.6
2019,11,Austin Ekeler,RB,LAC,KC,21.2
2019,11,Baker Mayfield,QB,CLE,PIT,21.82
2019,11,Ben Braunecker,TE,CHI,LA,1.8
2019,11,Ben Koyack,TE,JAX,IND,1.9
2019,11,Benjamin Watson,TE,NE,PHI,8.2
2019,11,Bilal Powell,RB,NYJ,WAS,5.7
2019,11,Blake Jarwin,TE,DAL,DET,5.8
2019,11,Bo Scarbrough,RB,DET,DAL,11.5
2019,11,Boston Scott,RB,PHI,NE,2.6
2019,11,Brandon Allen,QB,DEN,MIN,13.4
2019,11,Breshad Perriman,WR,TB,NO,3.0
2019,11,Brian Hill,RB,ATL,CAR,4.8
2019,11,Brian Hoyer,QB,IND,JAX,-0.2
2019,11,Buddy Howell,RB,HOU,BAL,0.5
2019,11,Byron Pringle,WR,KC,LAC,1.9
2019,11,C.J. Ham,FB,MIN,DEN,1.6
2019,11,C.J. Uzomah,TE,CIN,LV,2.5
2019,11,Calvin Ridley,WR,ATL,CAR,28.3
2019,11,Cameron Brate,TE,TB,NO,17.3
2019,11,Carlos Hyde,RB,HOU,BAL,12.5
2019,11,Carson Wentz,QB,PHI,NE,12.26
2019,11,Charles Clay,TE,ARI,SF,0.0
2019,11,Chase Daniel,QB,CHI,LA,0.36
2019,11,Chester Rogers,WR,IND,JAX,3.9
2019,11,Chris Conley,WR,JAX,IND,11.8
2019,11,Chris Godwin,WR,TB,NO,13.7
2019,11,Christian Blake,WR,ATL,CAR,1.3
2019,11,Christian Kirk,WR,ARI,SF,10.2
2019,11,Christian McCaffrey,RB,CAR,ATL,30.1
2019,11,Cole Beasley,WR,BUF,MIA,7.8
2019,11,Cooper Kupp,WR,LA,CHI,8.3
2019,11,Courtland Sutton,WR,DEN,MIN,18.82
2019,11,Curtis Samuel,WR,CAR,ATL,6.5
2019,11,D.J. Chark,WR,JAX,IND,30.4
2019,11,D.J. Moore,WR,CAR,ATL,17.5
2019,11,Dak Prescott,QB,DAL,DET,31.56
2019,11,Dallas Goedert,TE,PHI,NE,12.6
2019,11,Dalvin Cook,RB,MIN,DEN,16.7
2019,11,Damien Williams,RB,KC,LAC,2.3
2019,11,Damion Willis,WR,CIN,LV,0.0
2019,11,Daniel Brown,TE,NYJ,WAS,9.0
2019,11,Danny Amendola,WR,DET,DAL,8.7
2019,11,Dare Ogunbowale,RB,TB,NO,4.0
2019,11,Darrel Williams,RB,KC,LAC,12.3
2019,11,Darrell Daniels,TE,ARI,SF,1.4
2019,11,Darren Fells,TE,HOU,BAL,2.8
2019,11,Darren Waller,TE,LV,CIN,12.6
2019,11,David Montgomery,RB,CHI,LA,6.0
2019,11,Dawson Knox,TE,BUF,MIA,11.2
2019,11,DeAndre Hopkins,WR,HOU,BAL,15.0
2019,11,DeAndre Washington,RB,LV,CIN,3.3
2019,11,DeVante Parker,WR,MIA,BUF,20.5
2019,11,Dede Westbrook,WR,JAX,IND,7.2
2019,11,Deebo Samuel,WR,SF,ARI,21.4
2019,11,Demarcus Robinson,WR,KC,LAC,0.0
2019,11,Demaryius Thomas,WR,NYJ,WAS,8.4
2019,11,Deon Yelder,TE,KC,LAC,0.0
2019,11,Derek Carr,QB,LV,CIN,19.78
2019,11,Derrius Guice,RB,WAS,NYJ,13.9
2019,11,Deshaun Watson,QB,HOU,BAL,3.96
2019,11,Devin Singletary,RB,BUF,MIA,8.9
2019,11,Devontae Booker,RB,DEN,MIN,0.4
2019,11,Diontae Johnson,WR,PIT,CLE,3.7
2019,11,Drew Brees,QB,NO,TB,21.12
2019,11,Duke Johnson,RB,HOU,BAL,6.4
2019,11,Dwayne Haskins,QB,WAS,NYJ,17.06
2019,11,Emmanuel Sanders,WR,SF,ARI,6.3
2019,11,Eric Ebron,TE,IND,JAX,6.7
2019,11,Ezekiel Elliott,RB,DAL,DET,19.3
2019,11,Foster Moreau,TE,LV,CIN,8.8
2019,11,Frank Gore,RB,BUF,MIA,5.5
2019,11,Garrett Gilbert,QB,CLE,PIT,-0.1
2019,11,Gerald Everett,TE,LA,CHI,3.0
2019,11,Giovani Bernard,RB,CIN,LV,5.6
2019,11,Greg Olsen,TE,CAR,ATL,10.7
2019,11,Gus Edwards,RB,BAL,HOU,17.2
2019,11,Hale Hentges,TE,WAS,NYJ,1.0
2019,11,Hayden Hurst,TE,BAL,HOU,3.6
2019,11,Hunter Henry,TE,LAC,KC,14.9
2019,11,Hunter Renfrow,WR,LV,CIN,11.6
2019,11,Ian Thomas,TE,CAR,ATL,0.0
2019,11,Irv Smith,TE,MIN,DEN,11.0
2019,11,Isaiah McKenzie,WR,BUF,MIA,6.1
2019,11,J.D. McKissic,RB,DET,DAL,8.3
2019,11,J.J. Arcega-Whiteside,WR,PHI,NE,3.9
2019,11,Jacoby Brissett,QB,IND,JAX,15.12
2019,11,Jaeden Graham,TE,ATL,CAR,4.3
2019,11,Jakeem Grant,WR,MIA,BUF,18.9
2019,11,Jakobi Meyers,WR,NE,PHI,1.7
2019,11,Jalen Richard,RB,LV,CIN,1.7
2019,11,Jameis Winston,QB,TB,NO,14.82
2019,11,James Conner,RB,PIT,CLE,2.6
2019,11,James Washington,WR,PIT,CLE,7.9
2019,11,James White,RB,NE,PHI,9.6
2019,11,Jamison Crowder,WR,NYJ,WAS,18.6
2019,11,Jared Cook,TE,NO,TB,11.3
2019,11,Jared Goff,QB,LA,CHI,5.22
2019,11,Jarius Wright,WR,CAR,ATL,2.9
2019,11,Jarvis Landry,WR,CLE,PIT,14.3
2019,11,Jason Moore,WR,LAC,KC,0.0
2019,11,Jason Witten,TE,DAL,DET,8.3
2019,11,Javon Wims,WR,CHI,LA,2.1
2019,11,Jaylen Samuels,RB,PIT,CLE,15.5
2019,11,Jeff Driskel,QB,DET,DAL,27.46
2019,11,Jeffery Wilson,RB,SF,ARI,9.5
2019,11,Jeremy Sprinkle,TE,WAS,NYJ,9.6
2019,11,Jimmy Garoppolo,QB,SF,ARI,29.66
2019,11,Joe Mixon,RB,CIN,LV,17.3
2019,11,John Brown,WR,BUF,MIA,34.7
2019,11,Johnny Holton,WR,PIT,CLE,2.8
2019,11,Jonathan Williams,RB,IND,JAX,15.7
2019,11,Jordan Akins,TE,HOU,BAL,2.5
2019,11,Jordan Matthews,TE,PHI,NE,1.6
2019,11,Josh Adams,RB,NYJ,WAS,0.6
2019,11,Josh Allen,QB,BUF,MIA,33.84
2019,11,Josh Hill,TE,NO,TB,2.8
2019,11,Josh Jacobs,RB,LV,CIN,13.4
2019,11,Josh Oliver,TE,JAX,IND,1.5
2019,11,Josh Reynolds,WR,LA,CHI,8.0
2019,11,JuJu Smith-Schuster,WR,PIT,CLE,4.1
2019,11,Julian Edelman,WR,NE,PHI,14.9
2019,11,Julio Jones,WR,ATL,CAR,14.7
2019,11,Justice Hill,RB,BAL,HOU,3.7
2019,11,Justin Hardy,WR,ATL,CAR,3.4
2019,11,Kalen Ballage,RB,MIA,BUF,12.7
2019,11,Kareem Hunt,RB,CLE,PIT,11.8
2019,11,KeeSean Johnson,WR,ARI,SF,1.4
2019,11,Keelan Cole,WR,JAX,IND,8.1
2019,11,Keenan Allen,WR,LAC,KC,21.1
2019,11,Keith Smith,FB,ATL,CAR,0.3
2019,11,Keke Coutee,WR,HOU,BAL,5.5
2019,11,Kelvin Harmon,WR,WAS,NYJ,10.3
2019,11,Kendrick Bourne,WR,SF,ARI,13.1
2019,11,Kenjon Barner,RB,ATL,CAR,7.62
2019,11,Kenny Golladay,WR,DET,DAL,4.4
2019,11,Kenny Stills,WR,HOU,BAL,6.7
2019,11,Kenyan Drake,RB,ARI,SF,14.0
2019,11,KhaDarel Hodge,WR,CLE,PIT,5.1
2019,11,Kirk Cousins,QB,MIN,DEN,22.86
2019,11,Kyle Allen,QB,CAR,ATL,5.7
2019,11,Kyle Juszczyk,FB,SF,ARI,13.3
2019,11,Kyle Rudolph,TE,MIN,DEN,17.7
2019,11,Kyler Murray,QB,ARI,SF,26.7
2019,11,Lamar Jackson,QB,BAL,HOU,32.78
2019,11,Laquon Treadwell,WR,MIN,DEN,0.0
2019,11,Larry Fitzgerald,WR,ARI,SF,12.7
2019,11,Latavius Murray,RB,NO,TB,5.2
2019,11,Le'Veon Bell,RB,NYJ,WAS,17.2
2019,11,LeSean McCoy,RB,KC,LAC,15.7
2019,11,Leonard Fournette,RB,JAX,IND,12.7
2019,11,Logan Thomas,TE,DET,DAL,0.0
2019,11,Mack Hollins,WR,PHI,NE,0.0
2019,11,Malcolm Brown,RB,LA,CHI,7.5
2019,11,Marcus Johnson,WR,IND,JAX,13.8
2019,11,Mark Andrews,TE,BAL,HOU,17.5
2019,11,Mark Ingram,RB,BAL,HOU,23.5
2019,11,Marlon Mack,RB,IND,JAX,16.9
2019,11,Marquise Brown,WR,BAL,HOU,4.3
2019,11,Marquise Goodwin,WR,SF,ARI,1.5
2019,11,Marvin Hall,WR,DET,DAL,4.9
2019,11,Marvin Jones,WR,DET,DAL,19.9
2019,11,Mason Rudolph,QB,PIT,CLE,6.34
2019,11,Matt LaCosse,TE,NE,PHI,2.3
2019,11,Matt Ryan,QB,ATL,CAR,16.44
2019,11,Matt Schaub,QB,ATL,CAR,-0.1
2019,11,Mecole Hardman,WR,KC,LAC,3.3
2019,11,Melvin Gordon,RB,LAC,KC,12.0
2019,11,Michael Burton,FB,WAS,NYJ,0.0
2019,11,Michael Gallup,WR,DAL,DET,23.8
2019,11,Michael Thomas,WR,NO,TB,25.4
2019,11,Mike Evans,WR,TB,NO,10.9
2019,11,Mike Gesicki,TE,MIA,BUF,5.8
2019,11,Mike Thomas,WR,LA,CHI,1.9
2019,11,Mike Williams,WR,LAC,KC,9.6
2019,11,Miles Boykin,WR,BAL,HOU,0.0
2019,11,Miles Sanders,RB,PHI,NE,6.7
2019,11,Mitchell Trubisky,QB,CHI,LA,10.0
2019,11,Mohamed Sanu,WR,NE,PHI,3.2
2019,11,Myles Gaskin,RB,MIA,BUF,0.0
2019,11,N'Keal Harry,TE,NE,PHI,4.8
2019,11,Nelson Agholor,WR,PHI,NE,8.0
2019,11,Nick Boyle,TE,BAL,HOU,4.0
2019,11,Nick Chubb,RB,CLE,PIT,9.2
2019,11,Nick Foles,QB,JAX,IND,17.84
2019,11,Nick Vannett,TE,PIT,CLE,1.7
2019,11,Noah Fant,TE,DEN,MIN,9.3
2019,11,Nyheim Miller-Hines,RB,IND,JAX,12.5
2019,11,O.J. Howard,TE,TB,NO,0.0
2019,11,Odell Beckham,WR,CLE,PIT,10.0
2019,11,Olabisi Johnson,WR,MIN,DEN,9.5
2019,11,Patrick Laird,RB,MIA,BUF,11.8
2019,11,Patrick Mahomes,QB,KC,LAC,15.18
2019,11,Patrick Ricard,FB,BAL,HOU,5.7
2019,11,Peyton Barber,RB,TB,NO,9.1
2019,11,Pharoh Cooper,WR,ARI,SF,12.5
2019,11,Philip Rivers,QB,LAC,KC,12.12
2019,11,Phillip Dorsett,WR,NE,PHI,12.3
2019,11,Phillip Lindsay,RB,DEN,MIN,9.5
2019,11,Qadree Ollison,RB,ATL,CAR,7.1
2019,11,Quenton Nelson,G,IND,JAX,0.0
2019,11,Raheem Mostert,RB,SF,ARI,4.7
2019,11,Randall Cobb,WR,DAL,DET,21.5
2019,11,Reggie Bonnafon,RB,CAR,ATL,2.8
2019,11,Rex Burkhead,RB,NE,PHI,6.8
2019,11,Richie James,WR,SF,ARI,6.7
2019,11,Robbie Chosen,WR,NYJ,WAS,7.6
2019,11,Robert Griffin,QB,BAL,HOU,0.5
2019,11,Ronald Jones,RB,TB,NO,3.4
2019,11,Ross Dwelley,TE,SF,ARI,17.4
2019,11,Royce Freeman,RB,DEN,MIN,5.5
2019,11,Russell Gage,WR,ATL,CAR,5.2
2019,11,Ryan Finley,QB,CIN,LV,5.3
2019,11,Ryan Fitzpatrick,QB,MIA,BUF,12.92
2019,11,Ryan Griffin,TE,NYJ,WAS,21.9
2019,11,Ryquell Armstead,RB,JAX,IND,3.9
2019,11,Sam Darnold,QB,NYJ,WAS,25.42
2019,11,Sam Koch,P,BAL,HOU,-0.08
2019,11,Sammy Watkins,WR,KC,LAC,4.6
2019,11,Scott Miller,WR,TB,NO,11.1
2019,11,Seth Roberts,WR,BAL,HOU,8.5
2019,11,Sony Michel,RB,NE,PHI,6.4
2019,11,Stefon Diggs,WR,MIN,DEN,23.1
2019,11,Stephen Carlson,TE,CLE,PIT,7.8
2019,11,Steven Sims,WR,WAS,NYJ,2.6
2019,11,T.J. Hockenson,TE,DET,DAL,1.6
2019,11,T.J. Logan,RB,TB,NO,2.1
2019,11,Tarik Cohen,RB,CHI,LA,18.4
2019,11,Tavon Austin,WR,DAL,DET,0.0
2019,11,Taylor Gabriel,WR,CHI,LA,12.7
2019,11,Taysom Hill,TE,NO,TB,1.4
2019,11,Ted Ginn,WR,NO,TB,9.4
2019,11,Terry McLaurin,WR,WAS,NYJ,9.9
2019,11,Tevin Coleman,RB,SF,ARI,9.2
2019,11,Tevin Jones,WR,PIT,CLE,4.4
2019,11,Tim Patrick,WR,DEN,MIN,11.7
2019,11,Todd Gurley,RB,LA,CHI,20.3
2019,11,Tom Brady,QB,NE,PHI,8.54
2019,11,Tony Brooks-James,RB,PIT,CLE,-0.4
2019,11,Tony Pollard,RB,DAL,DET,17.6
2019,11,Travis Kelce,TE,KC,LAC,22.2
2019,11,Tre'Quan Smith,WR,NO,TB,0.0
2019,11,Trey Edmunds,RB,PIT,CLE,6.8
2019,11,Trey Quinn,WR,WAS,NYJ,4.9
2019,11,Troy Fumagalli,TE,DEN,MIN,7.3
2019,11,Troymaine Pope,RB,LAC,KC,0.0
2019,11,Ty Johnson,RB,DET,DAL,1.6
2019,11,Ty Montgomery,WR,NYJ,WAS,1.1
2019,11,Tyler Boyd,WR,CIN,LV,2.0
2019,11,Tyler Conklin,TE,MIN,DEN,4.8
2019,11,Tyler Eifert,TE,CIN,LV,5.1
2019,11,Tyler Kroft,TE,BUF,MIA,1.6
2019,11,Tyreek Hill,WR,KC,LAC,0.0
2019,11,Tyrell Williams,WR,LV,CIN,12.2
2019,11,Vance McDonald,TE,PIT,CLE,6.3
2019,11,Virgil Green,TE,LAC,KC,1.8
2019,11,Vyncint Smith,WR,NYJ,WAS,0.0
2019,11,Wendell Smallwood,RB,WAS,NYJ,2.1
2019,11,Willie Snead,WR,BAL,HOU,3.3
2019,11,Wyatt Teller,G,CLE,PIT,0.5
2019,11,Zach Ertz,TE,PHI,NE,18.4
2019,11,Zach Line,FB,NO,TB,2.0
2019,11,Zach Pascal,WR,IND,JAX,3.7
2019,11,Zay Jones,WR,LV,CIN,5.5
2019,12,A.J. Brown,WR,TEN,JAX,23.5
2019,12,Aaron Jones,RB,GB,SF,3.8
2019,12,Aaron Rodgers,QB,GB,SF,9.46
2019,12,Adam Humphries,WR,TEN,JAX,5.0
2019,12,Adrian Peterson,RB,WAS,DET,5.9
2019,12,Albert Wilson,WR,MIA,CLE,9.7
2019,12,Alec Ingold,FB,LV,NYJ,0.0
2019,12,Alex Armah,RB,CAR,NO,0.0
2019,12,Alex Erickson,WR,CIN,PIT,6.3
2019,12,Allen Hurns,WR,MIA,CLE,14.2
2019,12,Allen Lazard,WR,GB,SF,3.8
2019,12,Allen Robinson,WR,CHI,NYG,25.1
2019,12,Alvin Kamara,RB,NO,CAR,19.2
2019,12,Amari Cooper,WR,DAL,NE,0.0
2019,12,Andrew Beck,FB,DEN,BUF,2.8
2019,12,Anthony Miller,WR,CHI,NYG,13.7
2019,12,Auden Tate,WR,CIN,PIT,2.0
2019,12,Baker Mayfield,QB,CLE,MIA,23.58
2019,12,Ben Braunecker,TE,CHI,NYG,2.9
2019,12,Ben Koyack,TE,JAX,TEN,0.0
2019,12,Benjamin Watson,TE,NE,DAL,0.0
2019,12,Benny Snell,RB,PIT,CIN,11.3
2019,12,Bilal Powell,RB,NYJ,LV,3.0
2019,12,Blake Jarwin,TE,DAL,NE,4.7
2019,12,Bo Scarbrough,RB,DET,WAS,7.8
2019,12,Brandin Cooks,WR,LA,BAL,5.3
2019,12,Brandon Allen,QB,DEN,BUF,2.08
2019,12,Brandon Bolden,RB,NE,DAL,1.1
2019,12,Braxton Berrios,WR,NYJ,LV,7.9
2019,12,Breshad Perriman,WR,TB,ATL,5.4
2019,12,Brian Hill,RB,ATL,TB,5.7
2019,12,C.J. Uzomah,TE,CIN,PIT,0.0
2019,12,Calvin Ridley,WR,ATL,TB,22.0
2019,12,Cameron Brate,TE,TB,ATL,0.0
2019,12,Carlos Hyde,RB,HOU,IND,6.7
2019,12,Carson Wentz,QB,PHI,SEA,8.94
2019,12,Case Keenum,QB,WAS,DET,-0.1
2019,12,Chester Rogers,WR,IND,HOU,2.2
2019,12,Chris Carson,RB,SEA,PHI,9.7
2019,12,Chris Conley,WR,JAX,TEN,8.9
2019,12,Chris Godwin,WR,TB,ATL,37.4
2019,12,Christian Blake,WR,ATL,TB,3.6
2019,12,Christian McCaffrey,RB,CAR,NO,34.3
2019,12,Cody Latimer,WR,NYG,CHI,1.7
2019,12,Cole Beasley,WR,BUF,DEN,19.6
2019,12,Cooper Kupp,WR,LA,BAL,9.5
2019,12,Corey Davis,WR,TEN,JAX,4.9
2019,12,Courtland Sutton,WR,DEN,BUF,3.7
2019,12,Curtis Samuel,WR,CAR,NO,5.9
2019,12,D.J. Chark,WR,JAX,TEN,10.8
2019,12,D.J. Moore,WR,CAR,NO,31.4
2019,12,DK Metcalf,WR,SEA,PHI,6.5
2019,12,DaeSean Hamilton,WR,DEN,BUF,0.0
2019,12,Dak Prescott,QB,DAL,NE,6.88
2019,12,Dallas Goedert,TE,PHI,SEA,8.2
2019,12,Dan Vitale,FB,GB,SF,1.3
2019,12,Daniel Jones,QB,NYG,CHI,14.7
2019,12,Danny Amendola,WR,DET,WAS,5.1
2019,12,Dare Ogunbowale,RB,TB,ATL,1.2
2019,12,Darius Slayton,WR,NYG,CHI,10.7
2019,12,Darren Fells,TE,HOU,IND,3.4
2019,12,Darren Waller,TE,LV,NYJ,7.1
2019,12,Davante Adams,WR,GB,SF,19.3
2019,12,David Montgomery,RB,CHI,NYG,5.1
2019,12,David Moore,WR,SEA,PHI,4.5
2019,12,Dawson Knox,TE,BUF,DEN,3.1
2019,12,DeAndre Hopkins,WR,HOU,IND,27.4
2019,12,DeAndre Washington,RB,LV,NYJ,2.9
2019,12,DeVante Parker,WR,MIA,CLE,15.1
2019,12,Dede Westbrook,WR,JAX,TEN,14.9
2019,12,Deebo Samuel,WR,SF,GB,13.0
2019,12,Demaryius Thomas,WR,NYJ,LV,4.2
2019,12,Demetrius Harris,TE,CLE,MIA,4.0
2019,12,Dennis Kelly,T,TEN,JAX,7.1
2019,12,Deon Cain,WR,PIT,CIN,4.5
2019,12,Derek Carr,QB,LV,NYJ,4.18
2019,12,Derek Carrier,TE,LV,NYJ,0.0
2019,12,Derrick Henry,RB,TEN,JAX,28.5
2019,12,Derrius Guice,RB,WAS,DET,4.8
2019,12,Deshaun Watson,QB,HOU,IND,18.92
2019,12,Devin Singletary,RB,BUF,DEN,12.4
2019,12,Devlin Hodges,QB,PIT,CIN,8.82
2019,12,Dion Lewis,RB,TEN,JAX,5.5
2019,12,Diontae Johnson,WR,PIT,CIN,5.9
2019,12,Diontae Spencer,WR,DEN,BUF,1.0
2019,12,Drew Brees,QB,NO,CAR,22.44
2019,12,Duke Johnson,RB,HOU,IND,4.0
2019,12,Durham Smythe,TE,MIA,CLE,0.0
2019,12,Dwayne Haskins,QB,WAS,DET,5.04
2019,12,Emmanuel Sanders,WR,SF,GB,2.5
2019,12,Eric Ebron,TE,IND,HOU,8.4
2019,12,Ezekiel Elliott,RB,DAL,NE,16.6
2019,12,Foster Moreau,TE,LV,NYJ,1.3
2019,12,Frank Gore,RB,BUF,DEN,6.5
2019,12,Garrett Gilbert,QB,CLE,MIA,-0.1
2019,12,George Kittle,TE,SF,GB,24.9
2019,12,Gerald Everett,TE,LA,BAL,4.3
2019,12,Geronimo Allison,WR,GB,SF,3.9
2019,12,Giovani Bernard,RB,CIN,PIT,6.0
2019,12,Golden Tate,WR,NYG,CHI,12.3
2019,12,Greg Olsen,TE,CAR,NO,9.4
2019,12,Greg Ward,WR,PHI,SEA,10.0
2019,12,Gus Edwards,RB,BAL,LA,5.5
2019,12,Hayden Hurst,TE,BAL,LA,0.0
2019,12,Hunter Renfrow,WR,LV,NYJ,6.1
2019,12,Ian Thomas,TE,CAR,NO,1.4
2019,12,Isaiah McKenzie,WR,BUF,DEN,2.8
2019,12,J.D. McKissic,RB,DET,WAS,4.0
2019,12,J.J. Arcega-Whiteside,WR,PHI,SEA,6.3
2019,12,Jack Doyle,TE,IND,HOU,5.8
2019,12,Jacob Hollister,TE,SEA,PHI,4.2
2019,12,Jacoby Brissett,QB,IND,HOU,13.16
2019,12,Jaeden Graham,TE,ATL,TB,6.3
2019,12,Jake Kumerow,WR,GB,SF,0.0
2019,12,Jakeem Grant,WR,MIA,CLE,0.0
2019,12,Jakobi Meyers,WR,NE,DAL,11.4
2019,12,Jalen Richard,RB,LV,NYJ,11.1
2019,12,Jamaal Williams,RB,GB,SF,15.0
2019,12,Jameis Winston,QB,TB,ATL,24.32
2019,12,James Washington,WR,PIT,CIN,18.8
2019,12,James White,RB,NE,DAL,0.9
2019,12,Jamison Crowder,WR,NYJ,LV,3.8
2019,12,Jared Cook,TE,NO,CAR,21.9
2019,12,Jared Goff,QB,LA,BAL,4.38
2019,12,Jarius Wright,WR,CAR,NO,1.4
2019,12,Jarvis Landry,WR,CLE,MIA,36.8
2019,12,Jason Witten,TE,DAL,NE,1.5
2019,12,Javon Wims,WR,CHI,NYG,0.0
2019,12,Jay Ajayi,RB,PHI,SEA,1.6
2019,12,Jaylen Samuels,RB,PIT,CIN,6.2
2019,12,Jeff Driskel,QB,DET,WAS,12.58
2019,12,Jeffery Wilson,RB,SF,GB,2.7
2019,12,Jeremy Sprinkle,TE,WAS,DET,1.4
2019,12,Jesper Horsted,TE,CHI,NYG,1.4
2019,12,Jesse James,TE,DET,WAS,1.7
2019,12,Jimmy Garoppolo,QB,SF,GB,18.22
2019,12,Jimmy Graham,TE,GB,SF,1.7
2019,12,Joe Mixon,RB,CIN,PIT,7.9
2019,12,John Brown,WR,BUF,DEN,11.9
2019,12,Jonathan Williams,RB,IND,HOU,21.1
2019,12,Jonnu Smith,TE,TEN,JAX,0.4
2019,12,Jordan Akins,TE,HOU,IND,5.6
2019,12,Jordan Matthews,TE,PHI,SEA,5.7
2019,12,Josh Adams,RB,NYJ,LV,0.6
2019,12,Josh Allen,QB,BUF,DEN,19.0
2019,12,Josh Gordon,WR,SEA,PHI,2.0
2019,12,Josh Hill,TE,NO,CAR,2.2
2019,12,Josh Jacobs,RB,LV,NYJ,4.6
2019,12,Josh Reynolds,WR,LA,BAL,2.8
2019,12,Julian Edelman,WR,NE,DAL,17.3
2019,12,Julio Jones,WR,ATL,TB,11.8
2019,12,Justice Hill,RB,BAL,LA,2.7
2019,12,Kaden Smith,TE,NYG,CHI,12.7
2019,12,Kalen Ballage,RB,MIA,CLE,3.6
2019,12,Kalif Raymond,WR,TEN,JAX,1.9
2019,12,Kareem Hunt,RB,CLE,MIA,12.6
2019,12,Keelan Cole,WR,JAX,TEN,3.8
2019,12,Kelvin Harmon,WR,WAS,DET,7.3
2019,12,Kendrick Bourne,WR,SF,GB,4.7
2019,12,Kenjon Barner,RB,ATL,TB,2.8
2019,12,Kenny Golladay,WR,DET,WAS,10.1
2019,12,Kenny Stills,WR,HOU,IND,1.6
2019,12,Kerrith Whyte,RB,PIT,CIN,4.3
2019,12,KhaDarel Hodge,WR,CLE,MIA,0.0
2019,12,Kyle Allen,QB,CAR,NO,23.14
2019,12,Lamar Jackson,QB,BAL,LA,36.26
2019,12,Latavius Murray,RB,NO,CAR,12.4
2019,12,Le'Veon Bell,RB,NYJ,LV,15.8
2019,12,Leonard Fournette,RB,JAX,TEN,36.9
2019,12,Logan Thomas,TE,DET,WAS,10.4
2019,12,Luke Stocker,TE,ATL,TB,0.0
2019,12,Malcolm Brown,RB,LA,BAL,0.0
2019,12,Malik Turner,WR,SEA,PHI,10.3
2019,12,Marcell Ateman,WR,LV,NYJ,0.0
2019,12,Marcus Johnson,WR,IND,HOU,0.0
2019,12,Mark Andrews,TE,BAL,LA,6.5
2019,12,Mark Ingram,RB,BAL,LA,24.8
2019,12,Marquez Valdes-Scantling,WR,GB,SF,1.7
2019,12,Marquise Brown,WR,BAL,LA,21.2
2019,12,Marvin Hall,WR,DET,WAS,3.1
2019,12,Marvin Jones,WR,DET,WAS,9.6
2019,12,Mason Rudolph,QB,PIT,CIN,1.8
2019,12,Matt LaCosse,TE,NE,DAL,1.5
2019,12,Matt Ryan,QB,ATL,TB,7.64
2019,12,Matt Schaub,QB,ATL,TB,6.2
2019,12,Michael Gallup,WR,DAL,NE,9.5
2019,12,Michael Thomas,WR,NO,CAR,26.1
2019,12,Mike Evans,WR,TB,ATL,9.0
2019,12,Mike Gesicki,TE,MIA,CLE,11.8
2019,12,Mike Glennon,QB,LV,NYJ,-1.2
2019,12,Miles Boykin,WR,BAL,LA,7.4
2019,12,Miles Sanders,RB,PHI,SEA,11.6
2019,12,Mitchell Trubisky,QB,CHI,NYG,18.92
2019,12,MyCole Pruitt,TE,TEN,JAX,3.0
2019,12,Myles Gaskin,RB,MIA,CLE,2.7
2019,12,N'Keal Harry,TE,NE,DAL,8.0
2019,12,Nick Boyle,TE,BAL,LA,1.7
2019,12,Nick Chubb,RB,CLE,MIA,25.4
2019,12,Nick Foles,QB,JAX,TEN,14.88
2019,12,Nick O'Leary,TE,JAX,TEN,7.6
2019,12,Noah Fant,TE,DEN,BUF,4.4
2019,12,Nyheim Miller-Hines,RB,IND,HOU,8.1
2019,12,O.J. Howard,TE,TB,ATL,2.0
2019,12,Odell Beckham,WR,CLE,MIA,20.4
2019,12,Patrick Laird,RB,MIA,CLE,2.0
2019,12,Paul Richardson,WR,WAS,DET,1.6
2019,12,Peyton Barber,RB,TB,ATL,3.2
2019,12,Phillip Lindsay,RB,DEN,BUF,7.8
2019,12,Qadree Ollison,RB,ATL,TB,9.7
2019,12,Raheem Mostert,RB,SF,GB,13.7
2019,12,Randall Cobb,WR,DAL,NE,12.6
2019,12,Rashaad Penny,RB,SEA,PHI,18.9
2019,12,Rashard Higgins,WR,CLE,MIA,0.0
2019,12,Rex Burkhead,RB,NE,DAL,3.7
2019,12,Richie James,WR,SF,GB,0.0
2019,12,Ricky Seals-Jones,TE,CLE,MIA,0.0
2019,12,Robbie Chosen,WR,NYJ,LV,18.6
2019,12,Robert Foster,WR,BUF,DEN,5.6
2019,12,Robert Griffin,QB,BAL,LA,1.26
2019,12,Robert Tonyan,TE,GB,SF,2.8
2019,12,Robert Woods,WR,LA,BAL,15.7
2019,12,Ronald Jones,RB,TB,ATL,15.7
2019,12,Royce Freeman,RB,DEN,BUF,4.9
2019,12,Russell Gage,WR,ATL,TB,15.6
2019,12,Russell Wilson,QB,SEA,PHI,9.5
2019,12,Ryan Finley,QB,CIN,PIT,10.48
2019,12,Ryan Fitzpatrick,QB,MIA,CLE,23.06
2019,12,Ryan Griffin,TE,NYJ,LV,10.3
2019,12,Ryan Tannehill,QB,TEN,JAX,32.36
2019,12,Ryquell Armstead,RB,JAX,TEN,0.0
2019,12,Sam Darnold,QB,NYJ,LV,28.2
2019,12,Saquon Barkley,RB,NYG,CHI,8.0
2019,12,Scott Miller,WR,TB,ATL,1.6
2019,12,Scott Simonson,TE,NYG,CHI,2.0
2019,12,Seth Roberts,WR,BAL,LA,6.9
2019,12,Sony Michel,RB,NE,DAL,8.5
2019,12,Stephen Carlson,TE,CLE,MIA,1.8
2019,12,Sterling Shepard,WR,NYG,CHI,8.7
2019,12,Steven Sims,WR,WAS,DET,6.0
2019,12,T.J. Hockenson,TE,DET,WAS,0.0
2019,12,T.J. Logan,RB,TB,ATL,0.2
2019,12,T.Y. Hilton,WR,IND,HOU,4.8
2019,12,Tarik Cohen,RB,CHI,NYG,12.4
2019,12,Tavon Austin,WR,DAL,NE,0.0
2019,12,Taylor Gabriel,WR,CHI,NYG,2.9
2019,12,Taysom Hill,TE,NO,CAR,1.0
2019,12,Ted Ginn,WR,NO,CAR,5.8
2019,12,Terry McLaurin,WR,WAS,DET,12.2
2019,12,Tevin Coleman,RB,SF,GB,12.9
2019,12,Tevin Jones,WR,PIT,CIN,1.9
2019,12,Tim Boyle,QB,GB,SF,0.6
2019,12,Tim Patrick,WR,DEN,BUF,1.3
2019,12,Todd Gurley,RB,LA,BAL,4.9
2019,12,Tom Brady,QB,NE,DAL,11.3
2019,12,Tony Pollard,RB,DAL,NE,5.8
2019,12,Tre'Quan Smith,WR,NO,CAR,8.3
2019,12,Trevor Davis,WR,LV,NYJ,0.0
2019,12,Trey Edmunds,RB,PIT,CIN,0.7
2019,12,Trey Quinn,WR,WAS,DET,0.0
2019,12,Ty Johnson,RB,DET,WAS,4.1
2019,12,Ty Montgomery,WR,NYJ,LV,3.3
2019,12,Tyler Boyd,WR,CIN,PIT,19.1
2019,12,Tyler Eifert,TE,CIN,PIT,1.7
2019,12,Tyler Higbee,TE,LA,BAL,7.0
2019,12,Tyler Kroft,TE,BUF,DEN,2.4
2019,12,Tyler Lockett,WR,SEA,PHI,4.8
2019,12,Tyrell Williams,WR,LV,NYJ,3.8
2019,12,Vance McDonald,TE,PIT,CIN,1.1
2019,12,Vita Vea,NT,TB,ATL,7.1
2019,12,Vyncint Smith,WR,NYJ,LV,3.2
2019,12,Wayne Gallman,RB,NYG,CHI,0.1
2019,12,Wendell Smallwood,RB,WAS,DET,1.3
2019,12,Will Fuller,WR,HOU,IND,21.0
2019,12,Willie Snead,WR,BAL,LA,15.4
2019,12,Zach Ertz,TE,PHI,SEA,27.1
2019,12,Zach Pascal,WR,IND,HOU,0.0
2019,12,Zay Jones,WR,LV,NYJ,2.5
2019,13,A.J. Brown,WR,TEN,IND,7.5
2019,13,Aaron Jones,RB,GB,NYG,7.1
2019,13,Aaron Rodgers,QB,GB,NYG,28.12
2019,13,Adam Humphries,WR,TEN,IND,8.3
2019,13,Adrian Peterson,RB,WAS,CAR,15.9
2019,13,Albert Wilson,WR,MIA,PHI,11.3
2019,13,Alec Ingold,FB,LV,KC,3.7
2019,13,Alex Armah,RB,CAR,WAS,0.2
2019,13,Alex Erickson,WR,CIN,NYJ,4.1
2019,13,Alexander Mattison,RB,MIN,SEA,11.3
2019,13,Allen Hurns,WR,MIA,PHI,6.3
2019,13,Allen Lazard,WR,GB,NYG,19.3
2019,13,Allen Robinson,WR,CHI,DET,22.6
2019,13,Alshon Jeffery,WR,PHI,MIA,28.7
2019,13,Alvin Kamara,RB,NO,ATL,12.4
2019,13,Amari Cooper,WR,DAL,BUF,16.5
2019,13,Andre Patton,WR,LAC,DEN,1.8
2019,13,Andrew Beck,FB,DEN,LAC,2.1
2019,13,Andy Dalton,QB,CIN,NYJ,13.32
2019,13,Andy Isabella,WR,ARI,LA,0.0
2019,13,Anthony Firkser,TE,TEN,IND,5.2
2019,13,Anthony Miller,WR,CHI,DET,23.0
2019,13,Anthony Sherman,RB,KC,LV,1.7
2019,13,Ashton Dulin,WR,IND,TEN,2.3
2019,13,Auden Tate,WR,CIN,NYJ,10.6
2019,13,Austin Ekeler,RB,LAC,DEN,16.7
2019,13,Baker Mayfield,QB,CLE,PIT,8.04
2019,13,Benjamin Watson,TE,NE,HOU,3.3
2019,13,Benny Snell,RB,PIT,CLE,13.7
2019,13,Bilal Powell,RB,NYJ,CIN,3.8
2019,13,Blake Bell,TE,KC,LV,0.0
2019,13,Blake Bortles,QB,LA,ARI,-0.88
2019,13,Blake Jarwin,TE,DAL,BUF,2.9
2019,13,Bo Scarbrough,RB,DET,CHI,8.3
2019,13,Brandin Cooks,WR,LA,ARI,4.4
2019,13,Braxton Berrios,WR,NYJ,CIN,1.5
2019,13,Breshad Perriman,WR,TB,JAX,13.7
2019,13,Brian Hill,RB,ATL,NO,6.7
2019,13,C.J. Ham,FB,MIN,SEA,6.2
2019,13,C.J. Uzomah,TE,CIN,NYJ,10.1
2019,13,Calvin Ridley,WR,ATL,NO,17.1
2019,13,Cameron Brate,TE,TB,JAX,1.5
2019,13,Carlos Hyde,RB,HOU,NE,3.2
2019,13,Carson Wentz,QB,PHI,MIA,24.4
2019,13,Charles Clay,TE,ARI,LA,4.9
2019,13,Chris Carson,RB,SEA,MIN,17.9
2019,13,Chris Conley,WR,JAX,TB,9.7
2019,13,Chris Godwin,WR,TB,JAX,9.0
2019,13,Chris Thompson,RB,WAS,CAR,3.9
2019,13,Christian Blake,WR,ATL,NO,11.7
2019,13,Christian Kirk,WR,ARI,LA,5.3
2019,13,Christian McCaffrey,RB,CAR,WAS,17.2
2019,13,Clive Walford,TE,MIA,PHI,0.0
2019,13,Cody Hollister,WR,TEN,IND,3.3
2019,13,Cody Latimer,WR,NYG,GB,5.3
2019,13,Cole Beasley,WR,BUF,DAL,23.0
2019,13,Cooper Kupp,WR,LA,ARI,18.5
2019,13,Corey Davis,WR,TEN,IND,3.3
2019,13,Courtland Sutton,WR,DEN,LAC,23.4
2019,13,Curtis Samuel,WR,CAR,WAS,16.5
2019,13,D.J. Chark,WR,JAX,TB,6.7
2019,13,D.J. Moore,WR,CAR,WAS,19.2
2019,13,DK Metcalf,WR,SEA,MIN,11.5
2019,13,Da'Mari Scott,WR,NYG,GB,2.1
2019,13,DaeSean Hamilton,WR,DEN,LAC,3.2
2019,13,Dak Prescott,QB,DAL,BUF,22.7
2019,13,Dallas Goedert,TE,PHI,MIA,12.6
2019,13,Dalvin Cook,RB,MIN,SEA,13.4
2019,13,Damiere Byrd,WR,ARI,LA,0.0
2019,13,Damion Willis,WR,CIN,NYJ,0.0
2019,13,Dan Vitale,FB,GB,NYG,0.0
2019,13,Daniel Brown,TE,NYJ,CIN,1.9
2019,13,Daniel Jones,QB,NYG,GB,8.2
2019,13,Danny Amendola,WR,DET,CHI,6.2
2019,13,Dare Ogunbowale,RB,TB,JAX,3.2
2019,13,Darius Slayton,WR,NYG,GB,10.4
2019,13,Darrel Williams,RB,KC,LV,8.6
2019,13,Darrell Henderson,RB,LA,ARI,1.7
2019,13,Darren Fells,TE,HOU,NE,10.3
2019,13,Darren Waller,TE,LV,KC,17.0
2019,13,Darwin Thompson,RB,KC,LV,10.4
2019,13,Davante Adams,WR,GB,NYG,24.4
2019,13,David Blough,QB,DET,CHI,17.3
2019,13,David Johnson,RB,ARI,LA,4.4
2019,13,David Montgomery,RB,CHI,DET,16.7
2019,13,David Moore,WR,SEA,MIN,14.5
2019,13,Dawson Knox,TE,BUF,DAL,4.7
2019,13,DeAndre Hopkins,WR,HOU,NE,15.64
2019,13,DeAndre Washington,RB,LV,KC,7.9
2019,13,DeVante Parker,WR,MIA,PHI,34.9
2019,13,Dede Westbrook,WR,JAX,TB,19.0
2019,13,Deebo Samuel,WR,SF,BAL,14.1
2019,13,Demaryius Thomas,WR,NYJ,CIN,5.3
2019,13,Demetrius Harris,TE,CLE,PIT,3.3
2019,13,Deon Cain,WR,PIT,CLE,1.5
2019,13,Derek Carr,QB,LV,KC,9.58
2019,13,Derek Carrier,TE,LV,KC,9.0
2019,13,Derrick Henry,RB,TEN,IND,23.6
2019,13,Derrius Guice,RB,WAS,CAR,27.7
2019,13,Deshaun Watson,QB,HOU,NE,28.86
2019,13,Devin Singletary,RB,BUF,DAL,19.1
2019,13,Devlin Hodges,QB,PIT,CLE,10.68
2019,13,Devonta Freeman,RB,ATL,NO,10.4
2019,13,Dion Lewis,RB,TEN,IND,1.9
2019,13,Diontae Johnson,WR,PIT,CLE,4.1
2019,13,Drew Brees,QB,NO,ATL,11.26
2019,13,Drew Lock,QB,DEN,LAC,12.86
2019,13,Duke Johnson,RB,HOU,NE,20.0
2019,13,Durham Smythe,TE,MIA,PHI,3.3
2019,13,Dwayne Haskins,QB,WAS,CAR,6.48
2019,13,Elijhaa Penny,RB,NYG,GB,0.2
2019,13,Emmanuel Sanders,WR,SF,BAL,8.1
2019,13,Ezekiel Elliott,RB,DAL,BUF,20.7
2019,13,Foster Moreau,TE,LV,KC,2.5
2019,13,Frank Gore,RB,BUF,DAL,3.5
2019,13,Gardner Minshew,QB,JAX,TB,10.68
2019,13,Garrett Gilbert,QB,CLE,PIT,0.0
2019,13,George Kittle,TE,SF,BAL,3.4
2019,13,Geronimo Allison,WR,GB,NYG,4.0
2019,13,Giovani Bernard,RB,CIN,NYJ,2.2
2019,13,Greg Olsen,TE,CAR,WAS,5.2
2019,13,Greg Ward,WR,PHI,MIA,1.5
2019,13,Gus Edwards,RB,BAL,SF,3.2
2019,13,Hale Hentges,TE,WAS,CAR,0.0
2019,13,Hayden Hurst,TE,BAL,SF,5.1
2019,13,Hunter Henry,TE,LAC,DEN,3.0
2019,13,Ian Thomas,TE,CAR,WAS,6.4
2019,13,Irv Smith,TE,MIN,SEA,1.6
2019,13,Isaiah Ford,WR,MIA,PHI,0.0
2019,13,Isaiah McKenzie,WR,BUF,DAL,6.4
2019,13,J.D. McKissic,RB,DET,CHI,5.4
2019,13,J.J. Arcega-Whiteside,WR,PHI,MIA,8.5
2019,13,Jack Doyle,TE,IND,TEN,19.3
2019,13,Jacob Hollister,TE,SEA,MIN,10.4
2019,13,Jacoby Brissett,QB,IND,TEN,12.66
2019,13,Jaeden Graham,TE,ATL,NO,14.1
2019,13,Jakobi Meyers,WR,NE,HOU,7.6
2019,13,Jalen Richard,RB,LV,KC,1.8
2019,13,Jamaal Williams,RB,GB,NYG,10.7
2019,13,Jameis Winston,QB,TB,JAX,10.72
2019,13,James Washington,WR,PIT,CLE,21.1
2019,13,James White,RB,NE,HOU,37.7
2019,13,Jamison Crowder,WR,NYJ,CIN,2.8
2019,13,Jared Cook,TE,NO,ATL,11.5
2019,13,Jared Goff,QB,LA,ARI,24.96
2019,13,Jarius Wright,WR,CAR,WAS,6.4
2019,13,Jaron Brown,WR,SEA,MIN,1.6
2019,13,Jarvis Landry,WR,CLE,PIT,13.6
2019,13,Jason Sanders,K,MIA,PHI,7.1
2019,13,Jason Witten,TE,DAL,BUF,18.2
2019,13,Javon Wims,WR,CHI,DET,10.6
2019,13,Javorius Allen,RB,NYG,GB,0.4
2019,13,Jay Ajayi,RB,PHI,MIA,0.9
2019,13,Jaylen Samuels,RB,PIT,CLE,7.4
2019,13,Jeff Heuerman,TE,DEN,LAC,4.5
2019,13,Jeffery Wilson,RB,SF,BAL,1.7
2019,13,Jeremy Sprinkle,TE,WAS,CAR,5.6
2019,13,Jesper Horsted,TE,CHI,DET,8.8
2019,13,Jimmy Garoppolo,QB,SF,BAL,9.1
2019,13,Jimmy Graham,TE,GB,NYG,2.6
2019,13,Joe Mixon,RB,CIN,NYJ,17.0
2019,13,John Brown,WR,BUF,DAL,10.72
2019,13,Johnny Mundt,TE,LA,ARI,0.0
2019,13,Jonathan Williams,RB,IND,TEN,3.5
2019,13,Jonnu Smith,TE,TEN,IND,2.0
2019,13,Jordan Akins,TE,HOU,NE,2.9
2019,13,Jordan Wilkins,RB,IND,TEN,7.6
2019,13,Josh Allen,QB,BUF,DAL,23.54
2019,13,Josh Gordon,WR,SEA,MIN,2.0
2019,13,Josh Hill,TE,NO,ATL,1.2
2019,13,Josh Jacobs,RB,LV,KC,10.4
2019,13,Josh Reynolds,WR,LA,ARI,7.9
2019,13,Julian Edelman,WR,NE,HOU,21.9
2019,13,Justice Hill,RB,BAL,SF,0.3
2019,13,Justin Hardy,WR,ATL,NO,5.8
2019,13,Justin Watson,WR,TB,JAX,0.0
2019,13,Kaden Smith,TE,NYG,GB,13.0
2019,13,Kalen Ballage,RB,MIA,PHI,0.0
2019,13,Kalif Raymond,WR,TEN,IND,11.0
2019,13,Kareem Hunt,RB,CLE,PIT,17.5
2019,13,Keelan Cole,WR,JAX,TB,2.1
2019,13,Keelan Doss,WR,LV,KC,2.1
2019,13,Keenan Allen,WR,LAC,DEN,18.8
2019,13,Keith Smith,FB,ATL,NO,0.4
2019,13,Kelvin Harmon,WR,WAS,CAR,8.1
2019,13,Kendrick Bourne,WR,SF,BAL,7.2
2019,13,Kenjon Barner,RB,ATL,NO,2.6
2019,13,Kenny Golladay,WR,DET,CHI,25.8
2019,13,Kenny Stills,WR,HOU,NE,15.1
2019,13,Kenyan Drake,RB,ARI,LA,7.1
2019,13,Kerrith Whyte,RB,PIT,CLE,1.0
2019,13,Kirk Cousins,QB,MIN,SEA,17.04
2019,13,Kyle Allen,QB,CAR,WAS,23.32
2019,13,Kyle Rudolph,TE,MIN,SEA,15.0
2019,13,Kyler Murray,QB,ARI,LA,13.32
2019,13,Lamar Jackson,QB,BAL,SF,22.3
2019,13,Laquon Treadwell,WR,MIN,SEA,12.8
2019,13,Larry Fitzgerald,WR,ARI,LA,11.6
2019,13,Latavius Murray,RB,NO,ATL,0.2
2019,13,Le'Veon Bell,RB,NYJ,CIN,10.7
2019,13,LeSean McCoy,RB,KC,LV,12.0
2019,13,Leonard Fournette,RB,JAX,TB,18.1
2019,13,Malcolm Brown,RB,LA,ARI,3.0
2019,13,Marcedes Lewis,TE,GB,NYG,7.1
2019,13,Marcus Johnson,WR,IND,TEN,9.5
2019,13,Mark Andrews,TE,BAL,SF,14.0
2019,13,Mark Ingram,RB,BAL,SF,8.2
2019,13,Marquez Valdes-Scantling,WR,GB,NYG,0.0
2019,13,Marquise Brown,WR,BAL,SF,1.1
2019,13,Marvin Jones,WR,DET,CHI,13.0
2019,13,Matt Haack,P,MIA,PHI,4.04
2019,13,Matt LaCosse,TE,NE,HOU,3.4
2019,13,Matt Moore,QB,KC,LV,-0.1
2019,13,Matt Ryan,QB,ATL,NO,16.58
2019,13,Mecole Hardman,WR,KC,LV,0.9
2019,13,Melvin Gordon,RB,LAC,DEN,13.0
2019,13,Michael Gallup,WR,DAL,BUF,9.3
2019,13,Michael Thomas,WR,NO,ATL,10.8
2019,13,Michael Walker,WR,JAX,TB,1.6
2019,13,Mike Evans,WR,TB,JAX,9.3
2019,13,Mike Gesicki,TE,MIA,PHI,18.9
2019,13,Mike Williams,WR,LAC,DEN,16.7
2019,13,Miles Sanders,RB,PHI,MIA,21.5
2019,13,Mitchell Trubisky,QB,CHI,DET,23.92
2019,13,Mohamed Sanu,WR,NE,HOU,4.4
2019,13,Myles Gaskin,RB,MIA,PHI,3.6
2019,13,N'Keal Harry,TE,NE,HOU,0.0
2019,13,Nelson Agholor,WR,PHI,MIA,9.1
2019,13,Nick Boyle,TE,BAL,SF,1.4
2019,13,Nick Chubb,RB,CLE,PIT,8.9
2019,13,Nick Foles,QB,JAX,TB,-1.98
2019,13,Nick O'Leary,TE,JAX,TB,1.6
2019,13,Nick Vannett,TE,PIT,CLE,1.7
2019,13,Noah Fant,TE,DEN,LAC,1.5
2019,13,Nyheim Miller-Hines,RB,IND,TEN,12.0
2019,13,O.J. Howard,TE,TB,JAX,11.1
2019,13,Odell Beckham,WR,CLE,PIT,5.9
2019,13,Olabisi Johnson,WR,MIN,SEA,1.1
2019,13,Olamide Zaccheaus,WR,ATL,NO,0.0
2019,13,Patrick Laird,RB,MIA,PHI,16.8
2019,13,Patrick Mahomes,QB,KC,LV,19.5
2019,13,Patrick Ricard,FB,BAL,SF,1.2
2019,13,Peyton Barber,RB,TB,JAX,18.4
2019,13,Pharoh Cooper,WR,ARI,LA,6.6
2019,13,Philip Rivers,QB,LAC,DEN,16.6
2019,13,Phillip Dorsett,WR,NE,HOU,3.5
2019,13,Phillip Lindsay,RB,DEN,LAC,9.2
2019,13,Raheem Mostert,RB,SF,BAL,23.4
2019,13,Randall Cobb,WR,DAL,BUF,8.3
2019,13,Rashaad Penny,RB,SEA,MIN,26.7
2019,13,Rashard Higgins,WR,CLE,PIT,0.0
2019,13,Rex Burkhead,RB,NE,HOU,1.5
2019,13,Robbie Chosen,WR,NYJ,CIN,17.1
2019,13,Robert Foster,WR,BUF,DAL,3.7
2019,13,Robert Tonyan,TE,GB,NYG,0.0
2019,13,Robert Woods,WR,LA,ARI,30.2
2019,13,Ronald Jones,RB,TB,JAX,0.8
2019,13,Ross Travis,TE,IND,TEN,3.1
2019,13,Royce Freeman,RB,DEN,LAC,6.4
2019,13,Russell Gage,WR,ATL,NO,16.2
2019,13,Russell Wilson,QB,SEA,MIN,16.9
2019,13,Ryan Fitzpatrick,QB,MIA,PHI,26.8
2019,13,Ryan Griffin,TE,NYJ,CIN,8.0
2019,13,Ryan Tannehill,QB,TEN,IND,13.78
2019,13,Ryquell Armstead,RB,JAX,TB,0.0
2019,13,Sam Darnold,QB,NYJ,CIN,10.46
2019,13,Sammy Watkins,WR,KC,LV,0.0
2019,13,Saquon Barkley,RB,NYG,GB,14.5
2019,13,Seth Roberts,WR,BAL,SF,1.5
2019,13,Sony Michel,RB,NE,HOU,4.5
2019,13,Stanley Morgan,WR,CIN,NYJ,0.0
2019,13,Stefon Diggs,WR,MIN,SEA,9.2
2019,13,Stephen Carlson,TE,CLE,PIT,4.8
2019,13,Sterling Shepard,WR,NYG,GB,13.0
2019,13,Steven Sims,WR,WAS,CAR,5.9
2019,13,T.J. Hockenson,TE,DET,CHI,7.8
2019,13,T.J. Logan,RB,TB,JAX,0.2
2019,13,Tarik Cohen,RB,CHI,DET,7.5
2019,13,Tavon Austin,WR,DAL,BUF,4.2
2019,13,Taysom Hill,TE,NO,ATL,18.5
2019,13,Ted Ginn,WR,NO,ATL,0.0
2019,13,Terry McLaurin,WR,WAS,CAR,2.8
2019,13,Tevin Coleman,RB,SF,BAL,2.5
2019,13,Tevin Jones,WR,PIT,CLE,3.8
2019,13,Tim Boyle,QB,GB,NYG,-0.4
2019,13,Tim Patrick,WR,DEN,LAC,0.0
2019,13,Todd Gurley,RB,LA,ARI,18.5
2019,13,Tom Brady,QB,NE,HOU,24.34
2019,13,Tony Pollard,RB,DAL,BUF,0.7
2019,13,Travis Homer,RB,SEA,MIN,2.9
2019,13,Travis Kelce,TE,KC,LV,14.0
2019,13,Tre'Quan Smith,WR,NO,ATL,3.4
2019,13,Trevor Davis,WR,LV,KC,0.0
2019,13,Trey Quinn,WR,WAS,CAR,0.0
2019,13,Ty Johnson,RB,DET,CHI,5.9
2019,13,Ty Montgomery,WR,NYJ,CIN,1.8
2019,13,Tye Smith,CB,TEN,TEN,6.0
2019,13,Tyler Boyd,WR,CIN,NYJ,16.9
2019,13,Tyler Conklin,TE,MIN,SEA,2.8
2019,13,Tyler Eifert,TE,CIN,NYJ,2.2
2019,13,Tyler Higbee,TE,LA,ARI,23.7
2019,13,Tyler Lockett,WR,SEA,MIN,0.0
2019,13,Tyreek Hill,WR,KC,LV,10.1
2019,13,Tyrell Williams,WR,LV,KC,1.9
2019,13,Vance McDonald,TE,PIT,CLE,5.1
2019,13,Ventell Bryant,WR,DAL,BUF,8.5
2019,13,Virgil Green,TE,LAC,DEN,0.0
2019,13,Vyncint Smith,WR,NYJ,CIN,4.3
2019,13,Will Fuller,WR,HOU,NE,1.8
2019,13,Willie Snead,WR,BAL,SF,2.2
2019,13,Zach Ertz,TE,PHI,MIA,5.4
2019,13,Zach Pascal,WR,IND,TEN,17.9
2019,13,Zay Jones,WR,LV,KC,3.4
2019,14,A.J. Brown,WR,TEN,LV,33.6
2019,14,Aaron Jones,RB,GB,WAS,31.2
2019,14,Aaron Rodgers,QB,GB,WAS,11.4
2019,14,Adrian Peterson,RB,WAS,GB,13.6
2019,14,Albert Wilson,WR,MIA,NYJ,1.5
2019,14,Alec Ingold,FB,LV,TEN,-0.1
2019,14,Alex Erickson,WR,CIN,CLE,10.54
2019,14,Alexander Hollins,WR,MIN,DET,0.0
2019,14,Alexander Mattison,RB,MIN,DET,8.4
2019,14,Allen Hurns,WR,MIA,NYJ,11.8
2019,14,Allen Lazard,WR,GB,WAS,3.9
2019,14,Allen Robinson,WR,CHI,DAL,21.8
2019,14,Alshon Jeffery,WR,PHI,NYG,0.0
2019,14,Alvin Kamara,RB,NO,SF,6.3
2019,14,Amari Cooper,WR,DAL,CHI,20.3
2019,14,Ameer Abdullah,RB,MIN,DET,1.2
2019,14,Andrew Beck,FB,DEN,HOU,3.9
2019,14,Andy Dalton,QB,CIN,CLE,9.58
2019,14,Andy Isabella,WR,ARI,PIT,1.5
2019,14,Anthony Firkser,TE,TEN,LV,4.9
2019,14,Anthony Miller,WR,CHI,DAL,13.2
2019,14,Auden Tate,WR,CIN,CLE,2.6
2019,14,Austin Ekeler,RB,LAC,JAX,31.3
2019,14,Austin Hooper,TE,ATL,CAR,5.2
2019,14,Baker Mayfield,QB,CLE,CIN,10.98
2019,14,Benjamin Watson,TE,NE,KC,1.7
2019,14,Benny Snell,RB,PIT,ARI,2.1
2019,14,Bilal Powell,RB,NYJ,MIA,10.8
2019,14,Blake Jarwin,TE,DAL,CHI,11.0
2019,14,Bo Scarbrough,RB,DET,MIN,8.0
2019,14,Boston Scott,RB,PHI,NYG,24.8
2019,14,Brandin Cooks,WR,LA,SEA,0.0
2019,14,Brandon Bolden,RB,NE,KC,7.0
2019,14,Brandon Zylstra,WR,CAR,ATL,1.7
2019,14,Braxton Berrios,WR,NYJ,MIA,0.0
2019,14,Breshad Perriman,WR,TB,IND,16.0
2019,14,Brian Hill,RB,ATL,CAR,12.2
2019,14,Byron Pringle,WR,KC,NE,2.4
2019,14,C.J. Ham,FB,MIN,DET,3.5
2019,14,C.J. Prosise,RB,SEA,LA,0.2
2019,14,C.J. Uzomah,TE,CIN,CLE,1.4
2019,14,Calvin Ridley,WR,ATL,CAR,18.6
2019,14,Cameron Brate,TE,TB,IND,13.0
2019,14,Carlos Hyde,RB,HOU,DEN,9.8
2019,14,Carson Wentz,QB,PHI,NYG,19.9
2019,14,Cedrick Wilson,WR,DAL,CHI,0.0
2019,14,Chad Williams,WR,IND,TB,0.0
2019,14,Charles Clay,TE,ARI,PIT,7.5
2019,14,Chase Edmonds,RB,ARI,PIT,0.9
2019,14,Chris Carson,RB,SEA,LA,12.1
2019,14,Chris Conley,WR,JAX,LAC,1.7
2019,14,Chris Godwin,WR,TB,IND,16.1
2019,14,Chris Manhertz,TE,CAR,ATL,2.1
2019,14,Chris Thompson,RB,WAS,GB,11.3
2019,14,Christian Kirk,WR,ARI,PIT,16.9
2019,14,Christian McCaffrey,RB,CAR,ATL,24.5
2019,14,Cole Beasley,WR,BUF,BAL,14.9
2019,14,Cooper Kupp,WR,LA,SEA,14.5
2019,14,Cordarrelle Patterson,RB,CHI,DAL,3.8
2019,14,Corey Davis,WR,TEN,LV,5.4
2019,14,Courtland Sutton,WR,DEN,HOU,8.4
2019,14,Curtis Samuel,WR,CAR,ATL,6.2
2019,14,D.J. Chark,WR,JAX,LAC,16.5
2019,14,D.J. Moore,WR,CAR,ATL,12.1
2019,14,DK Metcalf,WR,SEA,LA,13.8
2019,14,DaeSean Hamilton,WR,DEN,HOU,5.6
2019,14,Dak Prescott,QB,DAL,CHI,17.46
2019,14,Dallas Goedert,TE,PHI,NYG,7.1
2019,14,Dalvin Cook,RB,MIN,DET,15.5
2019,14,Damiere Byrd,WR,ARI,PIT,2.0
2019,14,Damion Ratley,WR,CLE,CIN,0.0
2019,14,Dan Vitale,FB,GB,WAS,0.0
2019,14,Daniel Brown,TE,NYJ,MIA,1.7
2019,14,Danny Amendola,WR,DET,MIN,8.4
2019,14,Dare Ogunbowale,RB,TB,IND,7.8
2019,14,Darius Slayton,WR,NYG,PHI,32.4
2019,14,Darren Fells,TE,HOU,DEN,2.2
2019,14,Darren Waller,TE,LV,TEN,11.2
2019,14,Darwin Thompson,RB,KC,NE,8.3
2019,14,Davante Adams,WR,GB,WAS,8.1
2019,14,David Blough,QB,DET,MIN,8.2
2019,14,David Johnson,RB,ARI,PIT,13.3
2019,14,David Montgomery,RB,CHI,DAL,6.6
2019,14,David Moore,WR,SEA,LA,2.5
2019,14,David Njoku,TE,CLE,CIN,1.4
2019,14,Dawson Knox,TE,BUF,BAL,4.7
2019,14,DeAndre Hopkins,WR,HOU,DEN,26.2
2019,14,DeAndre Washington,RB,LV,TEN,21.6
2019,14,DeVante Parker,WR,MIA,NYJ,4.8
2019,14,Dede Westbrook,WR,JAX,LAC,8.5
2019,14,Deebo Samuel,WR,SF,NO,15.9
2019,14,Demarcus Robinson,WR,KC,NE,2.2
2019,14,Demaryius Thomas,WR,NYJ,MIA,10.8
2019,14,Deon Cain,WR,PIT,ARI,3.2
2019,14,Deonte Harty,WR,NO,SF,3.1
2019,14,Derek Carr,QB,LV,TEN,20.18
2019,14,Derek Watt,FB,LAC,JAX,6.4
2019,14,Derrick Henry,RB,TEN,LV,23.9
2019,14,Derrius Guice,RB,WAS,GB,4.2
2019,14,Deshaun Watson,QB,HOU,DEN,28.08
2019,14,Devin Singletary,RB,BUF,BAL,17.8
2019,14,Devlin Hodges,QB,PIT,ARI,13.48
2019,14,Devonta Freeman,RB,ATL,CAR,19.4
2019,14,Devontae Booker,RB,DEN,HOU,4.4
2019,14,Dion Lewis,RB,TEN,LV,4.1
2019,14,Diontae Johnson,WR,PIT,ARI,25.6
2019,14,Drew Brees,QB,NO,SF,40.06
2019,14,Drew Lock,QB,DEN,HOU,23.86
2019,14,Duke Johnson,RB,HOU,DEN,10.5
2019,14,Durham Smythe,TE,MIA,NYJ,1.2
2019,14,Dwayne Haskins,QB,WAS,GB,8.7
2019,14,Eli Manning,QB,NYG,PHI,16.02
2019,14,Emmanuel Sanders,WR,SF,NO,34.1
2019,14,Ezekiel Elliott,RB,DAL,CHI,23.3
2019,14,Foster Moreau,TE,LV,TEN,10.4
2019,14,Frank Gore,RB,BUF,BAL,0.6
2019,14,Gardner Minshew,QB,JAX,LAC,13.58
2019,14,Garrett Bradbury,C,MIN,DET,0.6
2019,14,Garrett Gilbert,QB,CLE,CIN,-0.1
2019,14,George Kittle,TE,SF,NO,18.7
2019,14,Geronimo Allison,WR,GB,WAS,2.1
2019,14,Giovani Bernard,RB,CIN,CLE,6.6
2019,14,Golden Tate,WR,NYG,PHI,2.1
2019,14,Greg Ward,WR,PHI,NYG,7.4
2019,14,Gus Edwards,RB,BAL,BUF,2.0
2019,14,Hayden Hurst,TE,BAL,BUF,16.3
2019,14,Hunter Henry,TE,LAC,JAX,11.9
2019,14,Ian Thomas,TE,CAR,ATL,16.7
2019,14,Irv Smith,TE,MIN,DET,5.1
2019,14,Isaac Nauta,TE,DET,MIN,1.3
2019,14,Isaiah Ford,WR,MIA,NYJ,15.2
2019,14,Isaiah McKenzie,WR,BUF,BAL,5.5
2019,14,J.D. McKissic,RB,DET,MIN,5.8
2019,14,J.J. Arcega-Whiteside,WR,PHI,NYG,4.9
2019,14,J.P. Holtz,TE,CHI,DAL,8.6
2019,14,Jace Sternberger,TE,GB,WAS,0.0
2019,14,Jack Doyle,TE,IND,TB,4.7
2019,14,Jacob Hollister,TE,SEA,LA,7.4
2019,14,Jacoby Brissett,QB,IND,TB,22.64
2019,14,Jakobi Meyers,WR,NE,KC,4.5
2019,14,Jalen Guyton,WR,LAC,JAX,0.0
2019,14,Jalen Richard,RB,LV,TEN,6.6
2019,14,Jamaal Williams,RB,GB,WAS,2.4
2019,14,Jameis Winston,QB,TB,IND,34.74
2019,14,James Washington,WR,PIT,ARI,7.3
2019,14,James White,RB,NE,KC,12.4
2019,14,Jamison Crowder,WR,NYJ,MIA,5.9
2019,14,Jamize Olawale,FB,DAL,CHI,0.0
2019,14,Jared Cook,TE,NO,SF,20.4
2019,14,Jared Goff,QB,LA,SEA,16.12
2019,14,Jarius Wright,WR,CAR,ATL,7.0
2019,14,Jarvis Landry,WR,CLE,CIN,11.6
2019,14,Jason Witten,TE,DAL,CHI,8.7
2019,14,Javon Wims,WR,CHI,DAL,0.0
2019,14,Jay Ajayi,RB,PHI,NYG,0.5
2019,14,Jaylen Samuels,RB,PIT,ARI,5.4
2019,14,Jeff Heuerman,TE,DEN,HOU,7.8
2019,14,Jesper Horsted,TE,CHI,DAL,7.6
2019,14,Jesse James,TE,DET,MIN,3.3
2019,14,Jimmy Garoppolo,QB,SF,NO,28.06
2019,14,Jimmy Graham,TE,GB,WAS,7.9
2019,14,Joe Mixon,RB,CIN,CLE,27.6
2019,14,John Brown,WR,BUF,BAL,5.6
2019,14,John Ross,WR,CIN,CLE,4.8
2019,14,Jonnu Smith,TE,TEN,LV,11.9
2019,14,Jordan Akins,TE,HOU,DEN,8.9
2019,14,Jordan Berry,P,PIT,ARI,-2.8
2019,14,Jordan Wilkins,RB,IND,TB,0.1
2019,14,Josh Allen,QB,BUF,BAL,10.74
2019,14,Josh Gordon,WR,SEA,LA,5.4
2019,14,Josh Hill,TE,NO,SF,8.4
2019,14,Josh Reynolds,WR,LA,SEA,2.9
2019,14,Joshua Perkins,TE,PHI,NYG,8.7
2019,14,Julian Edelman,WR,NE,KC,24.3
2019,14,Julio Jones,WR,ATL,CAR,11.6
2019,14,Justice Hill,RB,BAL,BUF,0.8
2019,14,Justin Hardy,WR,ATL,CAR,2.9
2019,14,Justin Jackson,RB,LAC,JAX,2.5
2019,14,Justin Watson,WR,TB,IND,16.9
2019,14,Kaden Smith,TE,NYG,PHI,2.9
2019,14,Kalif Raymond,WR,TEN,LV,2.1
2019,14,Kareem Hunt,RB,CLE,CIN,14.8
2019,14,Keelan Cole,WR,JAX,LAC,2.2
2019,14,Keelan Doss,WR,LV,TEN,5.6
2019,14,Keenan Allen,WR,LAC,JAX,13.3
2019,14,Keke Coutee,WR,HOU,DEN,9.8
2019,14,Kelvin Harmon,WR,WAS,GB,4.0
2019,14,Kendrick Bourne,WR,SF,NO,16.8
2019,14,Kenny Golladay,WR,DET,MIN,17.8
2019,14,Kenny Stills,WR,HOU,DEN,2.8
2019,14,Kenyan Drake,RB,ARI,PIT,9.7
2019,14,Kerrith Whyte,RB,PIT,ARI,6.0
2019,14,KhaDarel Hodge,WR,CLE,CIN,0.0
2019,14,Khari Blasingame,FB,TEN,LV,6.7
2019,14,Kirk Cousins,QB,MIN,DET,13.58
2019,14,Kyle Allen,QB,CAR,ATL,18.12
2019,14,Kyle Juszczyk,FB,SF,NO,5.2
2019,14,Kyle Rudolph,TE,MIN,DET,3.1
2019,14,Kyler Murray,QB,ARI,PIT,9.96
2019,14,Lamar Jackson,QB,BAL,BUF,19.8
2019,14,Laquon Treadwell,WR,MIN,DET,6.2
2019,14,Larry Fitzgerald,WR,ARI,PIT,5.0
2019,14,Latavius Murray,RB,NO,SF,11.4
2019,14,LeSean McCoy,RB,KC,NE,5.3
2019,14,Leonard Fournette,RB,JAX,LAC,9.3
2019,14,Logan Cooke,P,JAX,LAC,0.36
2019,14,Logan Thomas,TE,DET,MIN,4.1
2019,14,Luke Stocker,TE,ATL,CAR,0.0
2019,14,Mack Hollins,WR,MIA,NYJ,0.0
2019,14,Malcolm Brown,RB,LA,SEA,8.1
2019,14,Malik Turner,WR,SEA,LA,2.0
2019,14,Marcedes Lewis,TE,GB,WAS,1.5
2019,14,Marcus Johnson,WR,IND,TB,19.5
2019,14,Mark Andrews,TE,BAL,BUF,2.4
2019,14,Mark Ingram,RB,BAL,BUF,10.9
2019,14,Marlon Mack,RB,IND,TB,9.8
2019,14,Marquise Brown,WR,BAL,BUF,2.8
2019,14,Marvin Jones,WR,DET,MIN,6.8
2019,14,Matt Breida,RB,SF,NO,6.8
2019,14,Matt LaCosse,TE,NE,KC,3.4
2019,14,Matt Ryan,QB,ATL,CAR,21.32
2019,14,Matt Schaub,QB,ATL,CAR,-0.1
2019,14,Maxx Williams,TE,ARI,PIT,0.0
2019,14,Mecole Hardman,WR,KC,NE,11.8
2019,14,Melvin Gordon,RB,LAC,JAX,19.4
2019,14,Michael Gallup,WR,DAL,CHI,16.9
2019,14,Michael Thomas,WR,NO,SF,30.4
2019,14,Michael Walker,WR,JAX,LAC,1.9
2019,14,Mike Boone,RB,MIN,DET,1.3
2019,14,Mike Evans,WR,TB,IND,13.1
2019,14,Mike Gesicki,TE,MIA,NYJ,1.6
2019,14,Mike Williams,WR,LAC,JAX,14.3
2019,14,Miles Sanders,RB,PHI,NYG,10.9
2019,14,Mitchell Trubisky,QB,CHI,DAL,32.06
2019,14,Mo Alie-Cox,TE,IND,TB,1.8
2019,14,Mohamed Sanu,WR,NE,KC,2.3
2019,14,MyCole Pruitt,TE,TEN,LV,5.2
2019,14,Myles Gaskin,RB,MIA,NYJ,2.1
2019,14,N'Keal Harry,TE,NE,KC,2.2
2019,14,Nick Boyle,TE,BAL,BUF,9.0
2019,14,Nick Chubb,RB,CLE,CIN,12.7
2019,14,Nick O'Leary,TE,JAX,LAC,13.0
2019,14,Noah Fant,TE,DEN,HOU,21.3
2019,14,Nyheim Miller-Hines,RB,IND,TB,4.5
2019,14,O.J. Howard,TE,TB,IND,11.3
2019,14,Odell Beckham,WR,CLE,CIN,5.9
2019,14,Olabisi Johnson,WR,MIN,DET,7.9
2019,14,Olamide Zaccheaus,WR,ATL,CAR,16.3
2019,14,Parris Campbell,WR,IND,TB,4.2
2019,14,Patrick Laird,RB,MIA,NYJ,12.6
2019,14,Patrick Mahomes,QB,KC,NE,13.92
2019,14,Peyton Barber,RB,TB,IND,7.3
2019,14,Pharoh Cooper,WR,ARI,PIT,1.5
2019,14,Philip Rivers,QB,LAC,JAX,24.56
2019,14,Phillip Dorsett,WR,NE,KC,0.0
2019,14,Phillip Lindsay,RB,DEN,HOU,13.5
2019,14,Qadree Ollison,RB,ATL,CAR,0.6
2019,14,Raheem Mostert,RB,SF,NO,24.9
2019,14,Randall Cobb,WR,DAL,CHI,6.3
2019,14,Rashaad Penny,RB,SEA,LA,2.6
2019,14,Reggie Bonnafon,RB,CAR,ATL,0.6
2019,14,Rex Burkhead,RB,NE,KC,1.5
2019,14,Richie James,WR,SF,NO,-0.1
2019,14,Ricky Seals-Jones,TE,CLE,CIN,3.2
2019,14,Rico Gafford,WR,LV,TEN,11.9
2019,14,Riley Ridley,WR,CHI,DAL,1.5
2019,14,Robbie Chosen,WR,NYJ,MIA,25.1
2019,14,Robert Foster,WR,BUF,BAL,0.0
2019,14,Robert Tonyan,TE,GB,WAS,8.2
2019,14,Robert Woods,WR,LA,SEA,25.7
2019,14,Ronald Jones,RB,TB,IND,9.9
2019,14,Ross Travis,TE,IND,TB,1.1
2019,14,Royce Freeman,RB,DEN,HOU,11.2
2019,14,Russell Gage,WR,ATL,CAR,3.7
2019,14,Russell Wilson,QB,SEA,LA,10.6
2019,14,Ryan Fitzpatrick,QB,MIA,NYJ,14.3
2019,14,Ryan Griffin,TE,NYJ,MIA,1.8
2019,14,Ryan Tannehill,QB,TEN,LV,27.54
2019,14,Ryquell Armstead,RB,JAX,LAC,0.7
2019,14,Sam Darnold,QB,NYJ,MIA,17.1
2019,14,Sammy Watkins,WR,KC,NE,9.0
2019,14,Saquon Barkley,RB,NYG,PHI,9.7
2019,14,Seth Roberts,WR,BAL,BUF,1.8
2019,14,Sony Michel,RB,NE,KC,1.9
2019,14,Spencer Ware,RB,KC,NE,1.2
2019,14,Stanley Morgan,WR,CIN,CLE,0.0
2019,14,Stefon Diggs,WR,MIN,DET,15.2
2019,14,Stephen Carlson,TE,CLE,CIN,0.0
2019,14,Sterling Shepard,WR,NYG,PHI,7.6
2019,14,Steven Sims,WR,WAS,GB,8.0
2019,14,Tajae Sharpe,WR,TEN,LV,6.5
2019,14,Tarik Cohen,RB,CHI,DAL,9.1
2019,14,Tavon Austin,WR,DAL,CHI,0.0
2019,14,Taysom Hill,TE,NO,SF,3.5
2019,14,Ted Ginn,WR,NO,SF,9.0
2019,14,Terry McLaurin,WR,WAS,GB,15.7
2019,14,Tevin Coleman,RB,SF,NO,0.6
2019,14,Tim Patrick,WR,DEN,HOU,7.0
2019,14,Todd Gurley,RB,LA,SEA,21.3
2019,14,Tom Brady,QB,NE,KC,10.76
2019,14,Travis Kelce,TE,KC,NE,18.0
2019,14,Tre'Quan Smith,WR,NO,SF,10.9
2019,14,Trey Edmunds,RB,PIT,ARI,1.7
2019,14,Troy Fumagalli,TE,DEN,HOU,1.3
2019,14,Ty Johnson,RB,DET,MIN,2.0
2019,14,Ty Montgomery,WR,NYJ,MIA,9.1
2019,14,Tyler Boyd,WR,CIN,CLE,13.2
2019,14,Tyler Conklin,TE,MIN,DET,4.3
2019,14,Tyler Eifert,TE,CIN,CLE,8.9
2019,14,Tyler Higbee,TE,LA,SEA,18.6
2019,14,Tyler Kroft,TE,BUF,BAL,0.0
2019,14,Tyler Lockett,WR,SEA,LA,8.3
2019,14,Tyreek Hill,WR,KC,NE,13.0
2019,14,Tyrell Williams,WR,LV,TEN,6.5
2019,14,Tyrod Taylor,QB,LAC,JAX,6.04
2019,14,Vance McDonald,TE,PIT,ARI,1.3
2019,14,Virgil Green,TE,LAC,JAX,8.4
2019,14,Vyncint Smith,WR,NYJ,MIA,4.7
2019,14,Wendell Smallwood,RB,WAS,GB,0.4
2019,14,Willie Snead,WR,BAL,BUF,10.3
2019,14,Zach Ertz,TE,PHI,NYG,30.1
2019,14,Zach Pascal,WR,IND,TB,20.4
2019,14,Zay Jones,WR,LV,TEN,1.5
2019,15,A.J. Brown,WR,TEN,HOU,25.4
2019,15,Aaron Jones,RB,GB,CHI,17.1
2019,15,Aaron Rodgers,QB,GB,CHI,14.42
2019,15,Adam Thielen,WR,MIN,LAC,6.0
2019,15,Adrian Peterson,RB,WAS,PHI,18.1
2019,15,Albert Wilson,WR,MIA,NYG,10.9
2019,15,Alec Ingold,FB,LV,JAX,5.2
2019,15,Alex Erickson,WR,CIN,NE,1.6
2019,15,Alex Tanney,QB,NYG,MIA,0.04
2019,15,Allen Hurns,WR,MIA,NYG,1.9
2019,15,Allen Lazard,WR,GB,CHI,3.4
2019,15,Allen Robinson,WR,CHI,GB,19.5
2019,15,Alvin Kamara,RB,NO,IND,13.9
2019,15,Amari Cooper,WR,DAL,LA,2.9
2019,15,Ameer Abdullah,RB,MIN,LAC,2.5
2019,15,Andre Patton,WR,LAC,MIN,1.8
2019,15,Andre Roberts,WR,BUF,PIT,1.7
2019,15,Andrew Beck,FB,DEN,KC,3.3
2019,15,Andy Dalton,QB,CIN,NE,2.14
2019,15,Andy Isabella,WR,ARI,CLE,1.3
2019,15,Anthony Firkser,TE,TEN,HOU,1.7
2019,15,Anthony Miller,WR,CHI,GB,26.8
2019,15,Ashton Dulin,WR,IND,NO,1.4
2019,15,Austin Ekeler,RB,LAC,MIN,13.1
2019,15,Austin Hooper,TE,ATL,SF,5.0
2019,15,B.J. Bello,MLB,NYJ,NYJ,6.0
2019,15,Baker Mayfield,QB,CLE,ARI,23.22
2019,15,Benny Snell,RB,PIT,BUF,0.1
2019,15,Blake Bell,TE,KC,DEN,6.1
2019,15,Blake Jarwin,TE,DAL,LA,6.0
2019,15,Boston Scott,RB,PHI,WAS,13.5
2019,15,Brandin Cooks,WR,LA,DAL,8.6
2019,15,Breshad Perriman,WR,TB,DET,34.6
2019,15,Brett Kern,P,TEN,HOU,0.0
2019,15,Brian Hill,RB,ATL,SF,1.6
2019,15,C.J. Board,WR,JAX,LV,1.8
2019,15,C.J. Ham,FB,MIN,LAC,4.8
2019,15,C.J. Prosise,RB,SEA,CAR,3.5
2019,15,C.J. Uzomah,TE,CIN,NE,1.8
2019,15,Cameron Brate,TE,TB,DET,6.3
2019,15,Carlos Hyde,RB,HOU,TEN,16.4
2019,15,Carson Wentz,QB,PHI,WAS,21.54
2019,15,Cethan Carter,TE,CIN,NE,9.3
2019,15,Charles Clay,TE,ARI,CLE,2.8
2019,15,Chris Carson,RB,SEA,CAR,26.7
2019,15,Chris Conley,WR,JAX,LV,20.9
2019,15,Chris Godwin,WR,TB,DET,17.1
2019,15,Chris Hogan,WR,CAR,SEA,2.3
2019,15,Chris Lacy,WR,DET,TB,5.8
2019,15,Chris Thompson,RB,WAS,PHI,4.6
2019,15,Christian Blake,WR,ATL,SF,0.0
2019,15,Christian Kirk,WR,ARI,CLE,9.0
2019,15,Christian McCaffrey,RB,CAR,SEA,37.5
2019,15,Clive Walford,TE,MIA,NYG,5.4
2019,15,Cody Latimer,WR,NYG,MIA,3.1
2019,15,Cole Beasley,WR,BUF,PIT,1.6
2019,15,Cooper Kupp,WR,LA,DAL,16.1
2019,15,Cordarrelle Patterson,RB,CHI,GB,1.6
2019,15,Corey Davis,WR,TEN,HOU,8.7
2019,15,Courtland Sutton,WR,DEN,KC,11.9
2019,15,Curtis Samuel,WR,CAR,SEA,16.4
2019,15,D.J. Moore,WR,CAR,SEA,20.3
2019,15,DK Metcalf,WR,SEA,CAR,11.6
2019,15,DaeSean Hamilton,WR,DEN,KC,3.3
2019,15,Dak Prescott,QB,DAL,LA,17.68
2019,15,Dallas Goedert,TE,PHI,WAS,10.5
2019,15,Dalvin Cook,RB,MIN,LAC,7.3
2019,15,Damiere Byrd,WR,ARI,CLE,14.6
2019,15,Damion Ratley,WR,CLE,ARI,5.3
2019,15,Dan Arnold,TE,ARI,CLE,7.6
2019,15,Dane Cruikshank,SS,TEN,HOU,0.0
2019,15,Daniel Brown,TE,NYJ,BAL,1.4
2019,15,Danny Amendola,WR,DET,TB,18.2
2019,15,Dare Ogunbowale,RB,TB,DET,2.6
2019,15,Darius Slayton,WR,NYG,MIA,11.1
2019,15,Darren Fells,TE,HOU,TEN,1.2
2019,15,Darren Waller,TE,LV,JAX,20.2
2019,15,Darwin Thompson,RB,KC,DEN,4.9
2019,15,Davante Adams,WR,GB,CHI,23.3
2019,15,David Blough,QB,DET,TB,8.3
2019,15,David Johnson,RB,ARI,CLE,0.7
2019,15,David Montgomery,RB,CHI,GB,5.9
2019,15,Dawson Knox,TE,BUF,PIT,2.1
2019,15,DeAndre Hopkins,WR,HOU,TEN,17.9
2019,15,DeAndre Washington,RB,LV,JAX,4.2
2019,15,DeVante Parker,WR,MIA,NYG,23.2
2019,15,Dede Westbrook,WR,JAX,LV,4.1
2019,15,Deebo Samuel,WR,SF,ATL,4.7
2019,15,Demarcus Robinson,WR,KC,DEN,4.1
2019,15,Demetrius Harris,TE,CLE,ARI,2.3
2019,15,Deon Cain,WR,PIT,BUF,0.0
2019,15,Deonte Harty,WR,NO,IND,1.1
2019,15,Derek Carr,QB,LV,JAX,15.88
2019,15,Derek Carrier,TE,LV,JAX,1.5
2019,15,Derrick Henry,RB,TEN,HOU,8.6
2019,15,Deshaun Watson,QB,HOU,TEN,16.92
2019,15,Devin Singletary,RB,BUF,PIT,8.9
2019,15,Devlin Hodges,QB,PIT,BUF,4.48
2019,15,Devonta Freeman,RB,ATL,SF,7.5
2019,15,Devontae Booker,RB,DEN,KC,0.5
2019,15,Dion Lewis,RB,TEN,HOU,9.1
2019,15,Diontae Johnson,WR,PIT,BUF,11.2
2019,15,Dontrelle Inman,WR,IND,NO,4.5
2019,15,Drew Brees,QB,NO,IND,28.28
2019,15,Drew Lock,QB,DEN,KC,6.62
2019,15,Duke Johnson,RB,HOU,TEN,4.3
2019,15,Dwayne Haskins,QB,WAS,PHI,19.04
2019,15,Dwayne Washington,RB,NO,IND,2.0
2019,15,Eli Manning,QB,NYG,MIA,13.32
2019,15,Elijhaa Penny,RB,NYG,MIA,-0.2
2019,15,Emmanuel Sanders,WR,SF,ATL,2.9
2019,15,Ezekiel Elliott,RB,DAL,LA,31.0
2019,15,Frank Gore,RB,BUF,PIT,1.5
2019,15,Gardner Minshew,QB,JAX,LV,18.74
2019,15,George Fant,T,SEA,CAR,0.0
2019,15,George Kittle,TE,SF,ATL,26.4
2019,15,Geronimo Allison,WR,GB,CHI,3.9
2019,15,Giovani Bernard,RB,CIN,NE,5.7
2019,15,Golden Tate,WR,NYG,MIA,12.1
2019,15,Greg Ward,WR,PHI,WAS,19.1
2019,15,Gus Edwards,RB,BAL,NYJ,3.5
2019,15,Hayden Hurst,TE,BAL,NYJ,2.9
2019,15,Hunter Henry,TE,LAC,MIN,2.9
2019,15,Ian Thomas,TE,CAR,SEA,4.3
2019,15,Irv Smith,TE,MIN,LAC,8.8
2019,15,Isaac Nauta,TE,DET,TB,2.0
2019,15,Isaiah Ford,WR,MIA,NYG,5.1
2019,15,Ishmael Hyman,WR,TB,DET,1.3
2019,15,J.D. McKissic,RB,DET,TB,2.9
2019,15,J.J. Arcega-Whiteside,WR,PHI,WAS,0.0
2019,15,J.P. Holtz,TE,CHI,GB,0.9
2019,15,Jack Doyle,TE,IND,NO,4.1
2019,15,Jacob Hollister,TE,SEA,CAR,5.3
2019,15,Jacoby Brissett,QB,IND,NO,7.3
2019,15,Jake Kumerow,WR,GB,CHI,5.9
2019,15,Jalen Richard,RB,LV,JAX,5.6
2019,15,Jamaal Williams,RB,GB,CHI,4.3
2019,15,Jameis Winston,QB,TB,DET,32.72
2019,15,James Conner,RB,PIT,BUF,15.1
2019,15,James Washington,WR,PIT,BUF,13.3
2019,15,James White,RB,NE,CIN,15.2
2019,15,Jamison Crowder,WR,NYJ,BAL,27.0
2019,15,Jared Cook,TE,NO,IND,9.4
2019,15,Jared Goff,QB,LA,DAL,17.56
2019,15,Jarius Wright,WR,CAR,SEA,1.9
2019,15,Jaron Brown,WR,SEA,CAR,1.9
2019,15,Jarvis Landry,WR,CLE,ARI,7.3
2019,15,Jason Witten,TE,DAL,LA,13.6
2019,15,Javorius Allen,RB,NYG,MIA,8.8
2019,15,Jaylen Samuels,RB,PIT,BUF,1.4
2019,15,Jeff Heuerman,TE,DEN,KC,0.0
2019,15,Jeff Smith,WR,NYJ,BAL,2.2
2019,15,Jeremy Sprinkle,TE,WAS,PHI,3.3
2019,15,Jesper Horsted,TE,CHI,GB,1.9
2019,15,Jesse James,TE,DET,TB,6.1
2019,15,Jimmy Garoppolo,QB,SF,ATL,12.6
2019,15,Jimmy Graham,TE,GB,CHI,1.0
2019,15,Joe Mixon,RB,CIN,NE,18.6
2019,15,John Brown,WR,BUF,PIT,16.9
2019,15,John Ross,WR,CIN,NE,4.4
2019,15,Johnny Hekker,P,LA,DAL,0.2
2019,15,Johnny Holton,WR,PIT,BUF,1.9
2019,15,Johnny Mundt,TE,LA,DAL,3.5
2019,15,Jonnu Smith,TE,TEN,HOU,16.7
2019,15,Jordan Akins,TE,HOU,TEN,2.7
2019,15,Jordan Wilkins,RB,IND,NO,8.7
2019,15,Josh Allen,QB,BUF,PIT,16.36
2019,15,Josh Ferguson,RB,WAS,PHI,0.9
2019,15,Josh Gordon,WR,SEA,CAR,4.8
2019,15,Josh Hill,TE,NO,IND,7.5
2019,15,Josh Jacobs,RB,LV,JAX,12.9
2019,15,Josh Reynolds,WR,LA,DAL,5.6
2019,15,Julian Edelman,WR,NE,CIN,2.9
2019,15,Julio Jones,WR,ATL,SF,38.4
2019,15,Justice Hill,RB,BAL,NYJ,1.5
2019,15,Justin Jackson,RB,LAC,MIN,3.7
2019,15,Justin Watson,WR,TB,DET,3.7
2019,15,Kaden Smith,TE,NYG,MIA,6.8
2019,15,Kalif Raymond,WR,TEN,HOU,1.2
2019,15,Kareem Hunt,RB,CLE,ARI,15.6
2019,15,Keelan Cole,WR,JAX,LV,10.6
2019,15,Keelan Doss,WR,LV,JAX,2.7
2019,15,Keenan Allen,WR,LAC,MIN,18.9
2019,15,Kelvin Harmon,WR,WAS,PHI,4.2
2019,15,Kendrick Bourne,WR,SF,ATL,2.1
2019,15,Kenjon Barner,RB,ATL,SF,1.4
2019,15,Kenny Golladay,WR,DET,TB,7.4
2019,15,Kenny Stills,WR,HOU,TEN,18.5
2019,15,Kenyan Drake,RB,ARI,CLE,42.4
2019,15,Kerrith Whyte,RB,PIT,BUF,0.5
2019,15,KhaDarel Hodge,WR,CLE,ARI,0.0
2019,15,Khari Blasingame,FB,TEN,HOU,1.0
2019,15,Kirk Cousins,QB,MIN,LAC,11.68
2019,15,Kyle Allen,QB,CAR,SEA,11.58
2019,15,Kyle Juszczyk,FB,SF,ATL,8.7
2019,15,Kyle Rudolph,TE,MIN,LAC,7.8
2019,15,Kyler Murray,QB,ARI,CLE,17.06
2019,15,Lamar Jackson,QB,BAL,NYJ,37.08
2019,15,Larry Fitzgerald,WR,ARI,CLE,8.3
2019,15,Latavius Murray,RB,NO,IND,6.9
2019,15,Le'Veon Bell,RB,NYJ,BAL,10.8
2019,15,LeSean McCoy,RB,KC,DEN,1.6
2019,15,Leonard Fournette,RB,JAX,LV,12.3
2019,15,Logan Thomas,TE,DET,TB,0.0
2019,15,Luke Stocker,TE,ATL,SF,1.9
2019,15,Malik Turner,WR,SEA,CAR,5.6
2019,15,Marcedes Lewis,TE,GB,CHI,1.6
2019,15,Marcus Johnson,WR,IND,NO,5.7
2019,15,Mark Andrews,TE,BAL,NYJ,15.2
2019,15,Mark Ingram,RB,BAL,NYJ,23.6
2019,15,Marlon Mack,RB,IND,NO,1.9
2019,15,Marquez Valdes-Scantling,WR,GB,CHI,0.0
2019,15,Marquise Brown,WR,BAL,NYJ,14.5
2019,15,Matt Breida,RB,SF,ATL,1.7
2019,15,Matt LaCosse,TE,NE,CIN,5.2
2019,15,Matt Ryan,QB,ATL,SF,19.1
2019,15,Maxx Williams,TE,ARI,CLE,1.4
2019,15,Mecole Hardman,WR,KC,DEN,2.0
2019,15,Melvin Gordon,RB,LAC,MIN,7.4
2019,15,Michael Gallup,WR,DAL,LA,1.6
2019,15,Michael Thomas,WR,NO,IND,30.8
2019,15,Mike Boone,RB,MIN,LAC,17.6
2019,15,Mike Gesicki,TE,MIA,NYG,8.7
2019,15,Mike Thomas,WR,LA,DAL,1.5
2019,15,Mike Williams,WR,LAC,MIN,17.1
2019,15,Miles Boykin,WR,BAL,NYJ,7.5
2019,15,Miles Sanders,RB,PHI,WAS,35.2
2019,15,Mitchell Trubisky,QB,CHI,GB,16.26
2019,15,Mohamed Sanu,WR,NE,CIN,3.3
2019,15,Myles Gaskin,RB,MIA,NYG,9.2
2019,15,N'Keal Harry,TE,NE,CIN,11.7
2019,15,Nick Chubb,RB,CLE,ARI,25.7
2019,15,Nick Vannett,TE,PIT,BUF,9.0
2019,15,Noah Fant,TE,DEN,KC,7.6
2019,15,Nyheim Miller-Hines,RB,IND,NO,3.2
2019,15,O.J. Howard,TE,TB,DET,8.6
2019,15,Odell Beckham,WR,CLE,ARI,27.2
2019,15,Olabisi Johnson,WR,MIN,LAC,3.5
2019,15,Olamide Zaccheaus,WR,ATL,ATL,6.0
2019,15,Patrick DiMarco,FB,BUF,PIT,0.0
2019,15,Patrick Laird,RB,MIA,NYG,7.4
2019,15,Patrick Mahomes,QB,KC,DEN,22.7
2019,15,Patrick Ricard,FB,BAL,NYJ,0.0
2019,15,Peyton Barber,RB,TB,DET,6.0
2019,15,Pharoh Cooper,WR,ARI,CLE,2.7
2019,15,Philip Rivers,QB,LAC,MIN,8.28
2019,15,Phillip Lindsay,RB,DEN,KC,3.2
2019,15,Qadree Ollison,RB,ATL,SF,6.1
2019,15,Raheem Mostert,RB,SF,ATL,12.9
2019,15,Randall Cobb,WR,DAL,LA,0.7
2019,15,Rex Burkhead,RB,NE,CIN,13.9
2019,15,Ricky Seals-Jones,TE,CLE,ARI,15.9
2019,15,Riley Ridley,WR,CHI,GB,3.0
2019,15,Robbie Chosen,WR,NYJ,BAL,12.6
2019,15,Robert Griffin,QB,BAL,NYJ,0.6
2019,15,Robert Tonyan,TE,GB,CHI,1.5
2019,15,Robert Woods,WR,LA,DAL,5.7
2019,15,Ronald Jones,RB,TB,DET,5.9
2019,15,Royce Freeman,RB,DEN,KC,6.6
2019,15,Russell Gage,WR,ATL,SF,8.3
2019,15,Russell Wilson,QB,SEA,CAR,19.34
2019,15,Ryan Fitzpatrick,QB,MIA,NYG,20.46
2019,15,Ryan Griffin,QB,TB,DET,-0.1
2019,15,Ryan Tannehill,QB,TEN,HOU,24.16
2019,15,Ryquell Armstead,RB,JAX,LV,0.1
2019,15,Sam Darnold,QB,NYJ,BAL,15.82
2019,15,Sammy Watkins,WR,KC,DEN,9.9
2019,15,Saquon Barkley,RB,NYG,MIA,30.3
2019,15,Scott Miller,WR,TB,DET,13.9
2019,15,Scott Simonson,TE,NYG,MIA,1.1
2019,15,Sean Mannion,QB,MIN,LAC,-0.3
2019,15,Seth DeValve,TE,JAX,LV,4.3
2019,15,Seth Roberts,WR,BAL,NYJ,15.6
2019,15,Sony Michel,RB,NE,CIN,11.3
2019,15,Spencer Ware,RB,KC,DEN,5.5
2019,15,Stefon Diggs,WR,MIN,LAC,12.0
2019,15,Sterling Shepard,WR,NYG,MIA,20.1
2019,15,Steven Sims,WR,WAS,PHI,15.5
2019,15,T.Y. Hilton,WR,IND,NO,6.5
2019,15,Tajae Sharpe,WR,TEN,HOU,4.8
2019,15,Tanner Hudson,TE,TB,DET,2.4
2019,15,Tarik Cohen,RB,CHI,GB,15.5
2019,15,Tavon Austin,WR,DAL,LA,13.2
2019,15,Taysom Hill,TE,NO,IND,12.3
2019,15,Ted Ginn,WR,NO,IND,2.3
2019,15,Teddy Bridgewater,QB,NO,IND,-0.3
2019,15,Terry McLaurin,WR,WAS,PHI,24.0
2019,15,Tevin Coleman,RB,SF,ATL,4.0
2019,15,Tevin Jones,WR,PIT,BUF,0.0
2019,15,Tim Patrick,WR,DEN,KC,5.6
2019,15,Todd Gurley,RB,LA,DAL,20.8
2019,15,Tom Brady,QB,NE,CIN,12.92
2019,15,Tony Pollard,RB,DAL,LA,22.3
2019,15,Travis Homer,RB,SEA,CAR,0.7
2019,15,Travis Kelce,TE,KC,DEN,25.2
2019,15,Tre'Quan Smith,WR,NO,IND,9.1
2019,15,Troy Fumagalli,TE,DEN,KC,1.7
2019,15,Ty Johnson,RB,DET,TB,4.0
2019,15,Ty Montgomery,WR,NYJ,BAL,2.0
2019,15,Tyler Boyd,WR,CIN,NE,5.6
2019,15,Tyler Eifert,TE,CIN,NE,7.4
2019,15,Tyler Higbee,TE,LA,DAL,23.1
2019,15,Tyler Kroft,TE,BUF,PIT,8.4
2019,15,Tyler Lockett,WR,SEA,CAR,26.0
2019,15,Tyreek Hill,WR,KC,DEN,23.8
2019,15,Tyrell Williams,WR,LV,JAX,12.5
2019,15,Vyncint Smith,WR,NYJ,BAL,7.0
2019,15,Wes Hills,RB,DET,TB,16.2
2019,15,Will Fuller,WR,HOU,TEN,11.1
2019,15,Willie Snead,WR,BAL,NYJ,2.5
2019,15,Zach Ertz,TE,PHI,WAS,17.1
2019,15,Zach Gentry,TE,PIT,BUF,1.4
2019,15,Zach Line,FB,NO,IND,0.4
2019,15,Zach Pascal,WR,IND,NO,8.4
2019,15,Zay Jones,WR,LV,JAX,1.5
2019,16,A.J. Brown,WR,TEN,NO,15.3
2019,16,Aaron Jones,RB,GB,MIN,28.0
2019,16,Aaron Rodgers,QB,GB,MIN,8.34
2019,16,Adam Thielen,WR,MIN,GB,0.2
2019,16,Adrian Peterson,RB,WAS,NYG,13.5
2019,16,Albert Wilson,WR,MIA,CIN,15.8
2019,16,Alex Erickson,WR,CIN,MIA,11.5
2019,16,Allen Hurns,WR,MIA,CIN,6.1
2019,16,Allen Lazard,WR,GB,MIN,9.5
2019,16,Allen Robinson,WR,CHI,KC,11.3
2019,16,Alvin Kamara,RB,NO,TEN,29.0
2019,16,Amari Cooper,WR,DAL,PHI,6.4
2019,16,Ameer Abdullah,RB,MIN,GB,11.8
2019,16,Andre Patton,WR,LAC,LV,3.8
2019,16,Andrew Beck,FB,DEN,DET,1.64
2019,16,Andy Dalton,QB,CIN,MIA,33.84
2019,16,Anthony Firkser,TE,TEN,NO,0.0
2019,16,Anthony Miller,WR,CHI,KC,1.2
2019,16,Austin Ekeler,RB,LAC,LV,11.9
2019,16,Austin Hooper,TE,ATL,JAX,15.2
2019,16,Baker Mayfield,QB,CLE,BAL,14.08
2019,16,Benjamin Watson,TE,NE,BUF,4.5
2019,16,Benny Snell,RB,PIT,NYJ,1.4
2019,16,Bilal Powell,RB,NYJ,PIT,1.8
2019,16,Blake Bell,TE,KC,CHI,3.5
2019,16,Blake Jarwin,TE,DAL,PHI,2.4
2019,16,Bo Scarbrough,RB,DET,DEN,3.4
2019,16,Boston Scott,RB,PHI,DAL,7.9
2019,16,Brandin Cooks,WR,LA,SF,13.9
2019,16,Brandon Zylstra,WR,CAR,IND,1.3
2019,16,Breshad Perriman,WR,TB,HOU,17.2
2019,16,Brett Hundley,QB,ARI,SEA,5.46
2019,16,Brian Hill,RB,ATL,JAX,6.6
2019,16,Brian Hoyer,QB,IND,CAR,-0.2
2019,16,C.J. Ham,FB,MIN,GB,3.2
2019,16,C.J. Prosise,RB,SEA,ARI,1.4
2019,16,C.J. Uzomah,TE,CIN,MIA,13.7
2019,16,Cam Sims,WR,WAS,NYG,2.5
2019,16,Cameron Brate,TE,TB,HOU,3.7
2019,16,Carlos Hyde,RB,HOU,TB,10.7
2019,16,Carson Wentz,QB,PHI,DAL,18.96
2019,16,Case Keenum,QB,WAS,NYG,16.42
2019,16,Charles Clay,TE,ARI,SEA,2.6
2019,16,Chris Carson,RB,SEA,ARI,7.0
2019,16,Chris Conley,WR,JAX,ATL,13.6
2019,16,Chris Hogan,WR,CAR,IND,3.6
2019,16,Chris Lacy,WR,DET,DEN,0.0
2019,16,Chris Thompson,RB,WAS,NYG,9.2
2019,16,Christian Kirk,WR,ARI,SEA,0.9
2019,16,Christian McCaffrey,RB,CAR,IND,32.3
2019,16,Christian Wilkins,DT,MIA,CIN,7.1
2019,16,Clive Walford,TE,MIA,CIN,2.5
2019,16,Codey McElroy,TE,TB,HOU,4.0
2019,16,Cody Davis,FS,JAX,ATL,1.7
2019,16,Cody Latimer,WR,NYG,WAS,15.4
2019,16,Cole Beasley,WR,BUF,NE,17.8
2019,16,Cooper Kupp,WR,LA,SF,13.1
2019,16,Cordarrelle Patterson,RB,CHI,KC,3.1
2019,16,Corey Davis,WR,TEN,NO,7.0
2019,16,Courtland Sutton,WR,DEN,DET,9.1
2019,16,Curtis Samuel,WR,CAR,IND,4.1
2019,16,D.J. Chark,WR,JAX,ATL,3.8
2019,16,D.J. Moore,WR,CAR,IND,1.1
2019,16,DK Metcalf,WR,SEA,ARI,0.0
2019,16,Da'Mari Scott,WR,NYG,WAS,2.6
2019,16,DaeSean Hamilton,WR,DEN,DET,18.5
2019,16,Dak Prescott,QB,DAL,PHI,11.3
2019,16,Dallas Goedert,TE,PHI,DAL,24.1
2019,16,Dalton Schultz,TE,DAL,PHI,0.0
2019,16,Dalyn Dawkins,RB,TEN,NO,2.4
2019,16,Damien Williams,RB,KC,CHI,18.2
2019,16,Damiere Byrd,WR,ARI,SEA,2.1
2019,16,Damion Ratley,WR,CLE,BAL,0.0
2019,16,Dan Arnold,TE,ARI,SEA,3.0
2019,16,Dan Vitale,FB,GB,MIN,0.0
2019,16,Daniel Brown,TE,NYJ,PIT,0.0
2019,16,Daniel Jones,QB,NYG,WAS,35.28
2019,16,Danny Amendola,WR,DET,DEN,4.1
2019,16,Dare Ogunbowale,RB,TB,HOU,6.4
2019,16,Darius Slayton,WR,NYG,WAS,0.0
2019,16,Darrell Daniels,TE,ARI,SEA,0.0
2019,16,Darrell Henderson,RB,LA,SF,0.7
2019,16,Darren Fells,TE,HOU,TB,5.7
2019,16,Darren Waller,TE,LV,LAC,7.7
2019,16,Darwin Thompson,RB,KC,CHI,1.4
2019,16,Davante Adams,WR,GB,MIN,22.6
2019,16,David Blough,QB,DET,DEN,8.68
2019,16,David Johnson,RB,ARI,SEA,1.7
2019,16,David Montgomery,RB,CHI,KC,6.9
2019,16,David Moore,WR,SEA,ARI,3.0
2019,16,Dawson Knox,TE,BUF,NE,4.3
2019,16,De'Lance Turner,RB,MIA,CIN,0.6
2019,16,DeAndre Carter,WR,HOU,TB,6.4
2019,16,DeAndre Hopkins,WR,HOU,TB,7.3
2019,16,DeAndre Washington,RB,LV,LAC,18.6
2019,16,DeAndrew White,WR,CAR,IND,2.2
2019,16,DeVante Parker,WR,MIA,CIN,22.1
2019,16,Dede Westbrook,WR,JAX,ATL,2.5
2019,16,Deebo Samuel,WR,SF,LA,15.9
2019,16,Demarcus Robinson,WR,KC,CHI,2.3
2019,16,Demetrius Harris,TE,CLE,BAL,7.1
2019,16,Deon Cain,WR,PIT,NYJ,3.0
2019,16,Deonte Harty,WR,NO,TEN,1.0
2019,16,Derek Carr,QB,LV,LAC,21.94
2019,16,Derek Carrier,TE,LV,LAC,3.2
2019,16,Deshaun Watson,QB,HOU,TB,9.06
2019,16,Devin Singletary,RB,BUF,NE,5.8
2019,16,Devlin Hodges,QB,PIT,NYJ,-0.64
2019,16,Devonta Freeman,RB,ATL,JAX,33.7
2019,16,Devontae Booker,RB,DEN,DET,1.2
2019,16,Dion Dawkins,T,BUF,NE,7.1
2019,16,Dion Lewis,RB,TEN,NO,9.7
2019,16,Diontae Johnson,WR,PIT,NYJ,22.1
2019,16,Dontrell Hilliard,RB,CLE,BAL,1.4
2019,16,Dontrelle Inman,WR,IND,CAR,2.8
2019,16,Drew Brees,QB,NO,TEN,22.86
2019,16,Drew Lock,QB,DEN,DET,12.68
2019,16,Duke Johnson,RB,HOU,TB,0.6
2019,16,Durham Smythe,TE,MIA,CIN,3.8
2019,16,Dwayne Haskins,QB,WAS,NYG,13.32
2019,16,Emmanuel Sanders,WR,SF,LA,9.1
2019,16,Eric Saubert,TE,CHI,KC,2.1
2019,16,Ezekiel Elliott,RB,DAL,PHI,15.4
2019,16,Gardner Minshew,QB,JAX,ATL,14.84
2019,16,George Kittle,TE,SF,LA,18.9
2019,16,Gerald Everett,TE,LA,SF,0.0
2019,16,Geronimo Allison,WR,GB,MIN,2.0
2019,16,Giovani Bernard,RB,CIN,MIA,3.5
2019,16,Golden Tate,WR,NYG,WAS,15.6
2019,16,Greg Olsen,TE,CAR,IND,5.3
2019,16,Greg Ward,WR,PHI,DAL,11.6
2019,16,Gus Edwards,RB,BAL,CLE,8.3
2019,16,Hale Hentges,TE,WAS,NYG,10.8
2019,16,Hayden Hurst,TE,BAL,CLE,1.9
2019,16,Hunter Henry,TE,LAC,LV,9.5
2019,16,Hunter Renfrow,WR,LV,LAC,23.7
2019,16,Ian Thomas,TE,CAR,IND,4.6
2019,16,Irv Smith,TE,MIN,GB,2.4
2019,16,Isaiah Ford,WR,MIA,CIN,11.8
2019,16,Isaiah McKenzie,WR,BUF,NE,3.1
2019,16,Ishmael Hyman,WR,TB,HOU,4.1
2019,16,J.J. Arcega-Whiteside,WR,PHI,DAL,5.9
2019,16,J.P. Holtz,TE,CHI,KC,2.3
2019,16,Jack Doyle,TE,IND,CAR,3.7
2019,16,Jacob Hollister,TE,SEA,ARI,11.4
2019,16,Jacoby Brissett,QB,IND,CAR,15.66
2019,16,Jake Kumerow,WR,GB,MIN,0.0
2019,16,Jakobi Meyers,WR,NE,BUF,5.5
2019,16,Jalen Richard,RB,LV,LAC,6.9
2019,16,Jamaal Williams,RB,GB,MIN,7.2
2019,16,Jamal Agnew,WR,DET,DET,6.0
2019,16,Jameis Winston,QB,TB,HOU,11.0
2019,16,James Conner,RB,PIT,NYJ,3.2
2019,16,James Washington,WR,PIT,NYJ,9.1
2019,16,James White,RB,NE,BUF,6.9
2019,16,Jamison Crowder,WR,NYJ,PIT,10.0
2019,16,Jared Cook,TE,NO,TEN,23.4
2019,16,Jared Goff,QB,LA,SF,20.12
2019,16,Jarius Wright,WR,CAR,IND,2.9
2019,16,Jarvis Landry,WR,CLE,BAL,14.4
2019,16,Jason Witten,TE,DAL,PHI,3.4
2019,16,Javon Wims,WR,CHI,KC,5.6
2019,16,Jaylen Samuels,RB,PIT,NYJ,7.9
2019,16,Jeff Heuerman,TE,DEN,DET,3.3
2019,16,Jeremy Sprinkle,TE,WAS,NYG,3.4
2019,16,Jesper Horsted,TE,CHI,KC,3.0
2019,16,Jesse James,TE,DET,DEN,2.2
2019,16,Jimmy Garoppolo,QB,SF,LA,10.42
2019,16,Jimmy Graham,TE,GB,MIN,2.6
2019,16,Joe Mixon,RB,CIN,MIA,9.3
2019,16,John Brown,WR,BUF,NE,12.6
2019,16,John Ross,WR,CIN,MIA,15.0
2019,16,Jonnu Smith,TE,TEN,NO,15.3
2019,16,Jordan Akins,TE,HOU,TB,0.0
2019,16,Jordan Wilkins,RB,IND,CAR,14.4
2019,16,Josh Allen,QB,BUF,NE,20.62
2019,16,Josh Reynolds,WR,LA,SF,5.2
2019,16,Joshua Perkins,TE,PHI,DAL,0.0
2019,16,JuJu Smith-Schuster,WR,PIT,NYJ,4.2
2019,16,Julian Edelman,WR,NE,BUF,14.2
2019,16,Julio Jones,WR,ATL,JAX,26.6
2019,16,Justice Hill,RB,BAL,CLE,14.1
2019,16,Justin Hardee,CB,NO,TEN,0.0
2019,16,Justin Hardy,WR,ATL,JAX,0.0
2019,16,Justin Watson,WR,TB,HOU,15.3
2019,16,Kaden Smith,TE,NYG,WAS,21.5
2019,16,Kalif Raymond,WR,TEN,NO,3.2
2019,16,Kareem Hunt,RB,CLE,BAL,8.1
2019,16,Keelan Cole,WR,JAX,ATL,3.9
2019,16,Keenan Allen,WR,LAC,LV,11.6
2019,16,Keith Smith,FB,ATL,JAX,2.3
2019,16,Kelvin Harmon,WR,WAS,NYG,11.24
2019,16,Kendrick Bourne,WR,SF,LA,4.9
2019,16,Kenny Golladay,WR,DET,DEN,18.6
2019,16,Kenny Stills,WR,HOU,TB,10.7
2019,16,Kenyan Drake,RB,ARI,SEA,33.4
2019,16,Kerrith Whyte,RB,PIT,NYJ,2.2
2019,16,Kerryon Johnson,RB,DET,DEN,5.3
2019,16,KhaDarel Hodge,WR,CLE,BAL,1.6
2019,16,Khari Blasingame,FB,TEN,NO,0.0
2019,16,Kirk Cousins,QB,MIN,GB,6.88
2019,16,Krishawn Hogan,WR,NO,TEN,1.4
2019,16,Kyle Juszczyk,FB,SF,LA,3.3
2019,16,Kyle Rudolph,TE,MIN,GB,1.7
2019,16,Kyler Murray,QB,ARI,SEA,12.72
2019,16,Lamar Jackson,QB,BAL,CLE,29.82
2019,16,Laquon Treadwell,WR,MIN,GB,0.0
2019,16,Larry Fitzgerald,WR,ARI,SEA,14.8
2019,16,Latavius Murray,RB,NO,TEN,4.5
2019,16,Le'Veon Bell,RB,NYJ,PIT,13.3
2019,16,Leonard Fournette,RB,JAX,ATL,13.5
2019,16,Logan Cooke,P,JAX,ATL,0.28
2019,16,Logan Thomas,TE,DET,DEN,3.7
2019,16,Luke Stocker,TE,ATL,JAX,0.0
2019,16,Malcolm Brown,RB,LA,SF,-0.1
2019,16,Malik Turner,WR,SEA,ARI,3.3
2019,16,Marcedes Lewis,TE,GB,MIN,1.2
2019,16,Marcus Johnson,WR,IND,CAR,1.2
2019,16,Mark Andrews,TE,BAL,CLE,27.3
2019,16,Mark Ingram,RB,BAL,CLE,17.1
2019,16,Marlon Mack,RB,IND,CAR,18.1
2019,16,Marquez Valdes-Scantling,WR,GB,MIN,1.6
2019,16,Marquise Brown,WR,BAL,CLE,1.6
2019,16,Mason Rudolph,QB,PIT,NYJ,9.16
2019,16,Matt LaCosse,TE,NE,BUF,7.8
2019,16,Matt Moore,QB,KC,CHI,-0.1
2019,16,Matt Ryan,QB,ATL,JAX,15.96
2019,16,Maxx Williams,TE,ARI,SEA,5.6
2019,16,Melvin Gordon,RB,LAC,LV,22.7
2019,16,Michael Gallup,WR,DAL,PHI,14.8
2019,16,Michael Palardy,P,CAR,IND,0.48
2019,16,Michael Thomas,WR,NO,TEN,31.6
2019,16,Mike Boone,RB,MIN,GB,4.3
2019,16,Mike Gesicki,TE,MIA,CIN,26.2
2019,16,Mike Williams,WR,LAC,LV,8.1
2019,16,Miles Boykin,WR,BAL,CLE,1.8
2019,16,Miles Sanders,RB,PHI,DAL,26.6
2019,16,Mitchell Trubisky,QB,CHI,KC,8.28
2019,16,Mo Alie-Cox,TE,IND,CAR,3.1
2019,16,Mohamed Sanu,WR,NE,BUF,5.4
2019,16,MyCole Pruitt,TE,TEN,NO,3.5
2019,16,Myles Gaskin,RB,MIA,CIN,12.8
2019,16,N'Keal Harry,TE,NE,BUF,5.9
2019,16,Nick Bellore,ILB,SEA,ARI,7.3
2019,16,Nick Boyle,TE,BAL,CLE,5.4
2019,16,Nick Chubb,RB,CLE,BAL,4.5
2019,16,Nick Vannett,TE,PIT,NYJ,2.8
2019,16,Noah Fant,TE,DEN,DET,3.0
2019,16,Nyheim Miller-Hines,RB,IND,CAR,13.6
2019,16,O.J. Howard,TE,TB,HOU,7.6
2019,16,Odell Beckham,WR,CLE,BAL,14.4
2019,16,Olabisi Johnson,WR,MIN,GB,1.6
2019,16,Patrick Laird,RB,MIA,CIN,2.8
2019,16,Patrick Mahomes,QB,KC,CHI,25.44
2019,16,Peyton Barber,RB,TB,HOU,-0.7
2019,16,Pharoh Cooper,WR,ARI,SEA,3.4
2019,16,Philip Rivers,QB,LAC,LV,11.16
2019,16,Phillip Lindsay,RB,DEN,DET,19.8
2019,16,Qadree Ollison,RB,ATL,JAX,6.3
2019,16,Raheem Mostert,RB,SF,LA,11.3
2019,16,Randall Cobb,WR,DAL,PHI,12.3
2019,16,Reggie Bonnafon,RB,CAR,IND,1.2
2019,16,Rex Burkhead,RB,NE,BUF,17.7
2019,16,Ricky Seals-Jones,TE,CLE,BAL,3.3
2019,16,Robbie Chosen,WR,NYJ,PIT,11.2
2019,16,Robert Davis,WR,PHI,DAL,1.6
2019,16,Robert Foster,WR,BUF,NE,0.0
2019,16,Robert Woods,WR,LA,SF,20.3
2019,16,Ronald Jones,RB,TB,HOU,19.9
2019,16,Ross Dwelley,TE,SF,LA,3.5
2019,16,Ross Travis,TE,IND,CAR,2.9
2019,16,Royce Freeman,RB,DEN,DET,11.7
2019,16,Russell Gage,WR,ATL,JAX,10.6
2019,16,Russell Wilson,QB,SEA,ARI,10.96
2019,16,Ryan Fitzpatrick,QB,MIA,CIN,31.66
2019,16,Ryan Tannehill,QB,TEN,NO,23.68
2019,16,Ryquell Armstead,RB,JAX,ATL,0.2
2019,16,Sam Darnold,QB,NYJ,PIT,9.62
2019,16,Sammy Watkins,WR,KC,CHI,4.8
2019,16,Saquon Barkley,RB,NYG,WAS,43.9
2019,16,Seth DeValve,TE,JAX,ATL,7.5
2019,16,Seth Roberts,WR,BAL,CLE,4.3
2019,16,Sony Michel,RB,NE,BUF,11.1
2019,16,Spencer Ware,RB,KC,CHI,5.6
2019,16,Stefon Diggs,WR,MIN,GB,14.7
2019,16,Stephen Carlson,TE,CLE,BAL,1.7
2019,16,Sterling Shepard,WR,NYG,WAS,19.6
2019,16,Steven Sims,WR,WAS,NYG,25.3
2019,16,T.Y. Hilton,WR,IND,CAR,5.6
2019,16,Tajae Sharpe,WR,TEN,NO,23.9
2019,16,Tarik Cohen,RB,CHI,KC,6.3
2019,16,Tavon Austin,WR,DAL,PHI,1.5
2019,16,Taysom Hill,TE,NO,TEN,6.0
2019,16,Ted Ginn,WR,NO,TEN,0.0
2019,16,Terry McLaurin,WR,WAS,NYG,15.6
2019,16,Tevin Coleman,RB,SF,LA,3.3
2019,16,Tim Patrick,WR,DEN,DET,9.8
2019,16,Todd Gurley,RB,LA,SF,16.8
2019,16,Tom Brady,QB,NE,BUF,17.24
2019,16,Tony Pollard,RB,DAL,PHI,-2.0
2019,16,Travis Fulgham,WR,DET,DEN,0.0
2019,16,Travis Homer,RB,SEA,ARI,10.2
2019,16,Travis Kelce,TE,KC,CHI,21.4
2019,16,Tre'Quan Smith,WR,NO,TEN,2.3
2019,16,Trevon Wesco,TE,NYJ,PIT,4.2
2019,16,Ty Johnson,RB,DET,DEN,2.0
2019,16,Ty Montgomery,WR,NYJ,PIT,1.8
2019,16,Tyler Boyd,WR,CIN,MIA,33.8
2019,16,Tyler Eifert,TE,CIN,MIA,17.7
2019,16,Tyler Ervin,RB,GB,MIN,1.6
2019,16,Tyler Higbee,TE,LA,SF,19.4
2019,16,Tyler Kroft,TE,BUF,NE,0.0
2019,16,Tyler Lockett,WR,SEA,ARI,2.2
2019,16,Tyreek Hill,WR,KC,CHI,12.2
2019,16,Tyrell Williams,WR,LV,LAC,12.2
2019,16,Tyrod Taylor,QB,LAC,LV,-0.2
2019,16,Vance McDonald,TE,PIT,NYJ,3.9
2019,16,Virgil Green,TE,LAC,LV,1.4
2019,16,Vyncint Smith,WR,NYJ,PIT,6.2
2019,16,Will Fuller,WR,HOU,TB,3.1
2019,16,Will Grier,QB,CAR,IND,4.66
2019,16,Willie Snead,WR,BAL,CLE,0.0
2019,16,Zach Ertz,TE,PHI,DAL,6.8
2019,16,Zach Pascal,WR,IND,CAR,1.6
2019,16,Zay Jones,WR,LV,LAC,4.4
2019,17,A.J. Brown,WR,TEN,HOU,22.4
2019,17,AJ McCarron,QB,HOU,TEN,16.9
2019,17,Aaron Jones,RB,GB,DET,16.3
2019,17,Aaron Rodgers,QB,GB,DET,19.02
2019,17,Adrian Peterson,RB,WAS,DAL,6.8
2019,17,Albert Wilson,WR,MIA,NE,11.7
2019,17,Alec Ingold,FB,LV,DEN,0.0
2019,17,Alex Erickson,WR,CIN,CLE,3.1
2019,17,Alexander Hollins,WR,MIN,CHI,6.6
2019,17,Allen Lazard,WR,GB,DET,16.9
2019,17,Allen Robinson,WR,CHI,MIN,16.3
2019,17,Alvin Kamara,RB,NO,CAR,19.7
2019,17,Amari Cooper,WR,DAL,WAS,13.8
2019,17,Ameer Abdullah,RB,MIN,CHI,6.6
2019,17,Andre Patton,WR,LAC,KC,0.0
2019,17,Andrew Beck,FB,DEN,LV,8.8
2019,17,Andy Dalton,QB,CIN,CLE,16.6
2019,17,Anthony Firkser,TE,TEN,HOU,1.5
2019,17,Anthony Levine,SS,BAL,PIT,0.2
2019,17,Anthony Miller,WR,CHI,MIN,1.5
2019,17,Austin Ekeler,RB,LAC,KC,17.9
2019,17,Austin Hooper,TE,ATL,TB,11.5
2019,17,Baker Mayfield,QB,CLE,CIN,20.06
2019,17,Benjamin Watson,TE,NE,MIA,1.4
2019,17,Benny Snell,RB,PIT,BAL,15.1
2019,17,Bilal Powell,RB,NYJ,BUF,2.7
2019,17,Blake Bell,TE,KC,LAC,1.1
2019,17,Blake Jarwin,TE,DAL,WAS,0.0
2019,17,Bo Scarbrough,RB,DET,GB,4.2
2019,17,Boston Scott,RB,PHI,NYG,35.8
2019,17,Brandin Cooks,WR,LA,ARI,7.0
2019,17,Brandon Zylstra,WR,CAR,NO,15.6
2019,17,Braxton Berrios,WR,NYJ,BUF,2.1
2019,17,Breshad Perriman,WR,TB,ATL,24.4
2019,17,Brett Hundley,QB,ARI,LA,0.6
2019,17,Brian Hill,RB,ATL,TB,2.1
2019,17,Buddy Howell,RB,HOU,TEN,0.5
2019,17,C.J. Ham,FB,MIN,CHI,0.4
2019,17,C.J. Uzomah,TE,CIN,CLE,13.5
2019,17,Cam Sims,WR,WAS,DAL,2.2
2019,17,Cameron Brate,TE,TB,ATL,7.2
2019,17,Carlos Hyde,RB,HOU,TEN,1.3
2019,17,Carson Wentz,QB,PHI,NYG,17.06
2019,17,Case Keenum,QB,WAS,DAL,10.24
2019,17,Cethan Carter,TE,CIN,CLE,0.0
2019,17,Charles Jones,TE,JAX,IND,1.5
2019,17,Chase Edmonds,RB,ARI,LA,-0.1
2019,17,Chris Conley,WR,JAX,IND,6.8
2019,17,Chris Hogan,WR,CAR,NO,3.4
2019,17,Chris Lacy,WR,DET,GB,3.2
2019,17,Chris Moore,WR,BAL,PIT,0.0
2019,17,Chris Thompson,RB,WAS,DAL,2.1
2019,17,Christian Blake,WR,ATL,TB,0.0
2019,17,Christian Kirk,WR,ARI,LA,13.6
2019,17,Christian McCaffrey,RB,CAR,NO,22.8
2019,17,Cody Latimer,WR,NYG,PHI,3.2
2019,17,Cooper Kupp,WR,LA,ARI,22.9
2019,17,Cordarrelle Patterson,RB,CHI,MIN,1.4
2019,17,Corey Davis,WR,TEN,HOU,8.4
2019,17,Courtland Sutton,WR,DEN,LV,9.2
2019,17,Curtis Samuel,WR,CAR,NO,3.3
2019,17,Cyril Grayson,WR,TB,ATL,1.3
2019,17,D.J. Chark,WR,JAX,IND,7.4
2019,17,DK Metcalf,WR,SEA,SF,20.1
2019,17,DaeSean Hamilton,WR,DEN,LV,11.5
2019,17,Dak Prescott,QB,DAL,WAS,29.62
2019,17,Dallas Goedert,TE,PHI,NYG,10.5
2019,17,Damien Williams,RB,KC,LAC,31.4
2019,17,Damiere Byrd,WR,ARI,LA,18.4
2019,17,Damion Ratley,WR,CLE,CIN,14.4
2019,17,Dan Arnold,TE,ARI,LA,17.6
2019,17,Daniel Brown,TE,NYJ,BUF,6.2
2019,17,Daniel Jones,QB,NYG,PHI,16.64
2019,17,Danny Amendola,WR,DET,GB,8.36
2019,17,Dare Ogunbowale,RB,TB,ATL,0.4
2019,17,Darius Slayton,WR,NYG,PHI,9.0
2019,17,Darren Waller,TE,LV,DEN,16.7
2019,17,Darwin Thompson,RB,KC,LAC,2.3
2019,17,Davante Adams,WR,GB,DET,22.3
2019,17,David Blough,QB,DET,GB,12.88
2019,17,David Montgomery,RB,CHI,MIN,17.3
2019,17,David Moore,WR,SEA,SF,5.0
2019,17,De'Anthony Thomas,WR,BAL,PIT,0.1
2019,17,DeAndre Carter,WR,HOU,TEN,12.5
2019,17,DeAndre Washington,RB,LV,DEN,21.2
2019,17,DeAndrew White,WR,CAR,NO,5.1
2019,17,DeVante Parker,WR,MIA,NE,21.7
2019,17,Dede Westbrook,WR,JAX,IND,22.2
2019,17,Deebo Samuel,WR,SF,SEA,24.5
2019,17,Demarcus Robinson,WR,KC,LAC,9.4
2019,17,Demetrius Harris,TE,CLE,CIN,0.0
2019,17,Deon Lacey,ILB,MIA,NE,0.0
2019,17,Deontay Burnett,WR,PHI,NYG,6.8
2019,17,Deonte Harty,WR,NO,CAR,1.3
2019,17,Derek Carr,QB,LV,DEN,19.64
2019,17,Derek Carrier,TE,LV,DEN,1.4
2019,17,Derrick Henry,RB,TEN,HOU,39.1
2019,17,Devine Ozigbo,RB,JAX,IND,8.0
2019,17,Devlin Hodges,QB,PIT,BAL,1.7
2019,17,Devonta Freeman,RB,ATL,TB,9.3
2019,17,Devontae Booker,RB,DEN,LV,3.7
2019,17,Dexter Williams,RB,GB,DET,0.9
2019,17,Dion Lewis,RB,TEN,HOU,0.7
2019,17,Diontae Johnson,WR,PIT,BAL,9.4
2019,17,Diontae Spencer,WR,DEN,LV,-0.8
2019,17,Dontrelle Inman,WR,IND,JAX,1.6
2019,17,Drew Brees,QB,NO,CAR,22.02
2019,17,Drew Lock,QB,DEN,LV,11.98
2019,17,Duke Johnson,RB,HOU,TEN,16.7
2019,17,Duke Williams,WR,BUF,NYJ,16.8
2019,17,Durham Smythe,TE,MIA,NE,1.8
2019,17,Dwayne Washington,RB,NO,CAR,0.2
2019,17,Elandon Roberts,ILB,NE,MIA,10.8
2019,17,Emmanuel Sanders,WR,SF,SEA,5.5
2019,17,Eric Saubert,TE,CHI,MIN,2.0
2019,17,Ezekiel Elliott,RB,DAL,WAS,27.4
2019,17,Frank Gore,RB,BUF,NYJ,7.2
2019,17,Gardner Minshew,QB,JAX,IND,24.5
2019,17,George Kittle,TE,SF,SEA,16.3
2019,17,Geronimo Allison,WR,GB,DET,4.7
2019,17,Giovani Bernard,RB,CIN,CLE,0.4
2019,17,Golden Tate,WR,NYG,PHI,17.8
2019,17,Greg Olsen,TE,CAR,NO,3.2
2019,17,Greg Ward,WR,PHI,NYG,10.3
2019,17,Gus Edwards,RB,BAL,PIT,12.2
2019,17,Hale Hentges,TE,WAS,DAL,10.2
2019,17,Hayden Hurst,TE,BAL,PIT,5.5
2019,17,Hunter Henry,TE,LAC,KC,15.2
2019,17,Hunter Renfrow,WR,LV,DEN,22.2
2019,17,Ian Thomas,TE,CAR,NO,2.2
2019,17,Irv Smith,TE,MIN,CHI,2.1
2019,17,Isaiah Ford,WR,MIA,NE,13.5
2019,17,Isaiah McKenzie,WR,BUF,NYJ,5.7
2019,17,J.D. McKissic,RB,DET,GB,1.4
2019,17,Jack Doyle,TE,IND,JAX,1.6
2019,17,Jacob Hollister,TE,SEA,SF,6.5
2019,17,Jacoby Brissett,QB,IND,JAX,4.18
2019,17,Jake Kumerow,WR,GB,DET,1.7
2019,17,Jaleel Scott,WR,BAL,PIT,1.6
2019,17,Jalen Richard,RB,LV,DEN,7.9
2019,17,Jamal Agnew,WR,DET,GB,0.8
2019,17,Jameis Winston,QB,TB,ATL,14.54
2019,17,James Washington,WR,PIT,BAL,0.0
2019,17,James White,RB,NE,MIA,12.7
2019,17,Jamison Crowder,WR,NYJ,BUF,20.6
2019,17,Jared Cook,TE,NO,CAR,12.4
2019,17,Jared Goff,QB,LA,ARI,25.16
2019,17,Jarius Wright,WR,CAR,NO,3.0
2019,17,Jaron Brown,WR,SEA,SF,0.0
2019,17,Jarvis Landry,WR,CLE,CIN,16.2
2019,17,Jason Moore,WR,LAC,KC,0.0
2019,17,Jason Witten,TE,DAL,WAS,6.4
2019,17,Javon Wims,WR,CHI,MIN,5.3
2019,17,Javorius Allen,RB,NYG,PHI,2.3
2019,17,Jaylen Samuels,RB,PIT,BAL,2.6
2019,17,Jeremy Sprinkle,TE,WAS,DAL,4.8
2019,17,Jesse James,TE,DET,GB,2.5
2019,17,Jimmy Garoppolo,QB,SF,SEA,11.8
2019,17,Jimmy Graham,TE,GB,DET,8.9
2019,17,Joe Mixon,RB,CIN,CLE,30.6
2019,17,John Franklin,WR,TB,ATL,1.1
2019,17,John Ross,WR,CIN,CLE,6.0
2019,17,John Ursua,WR,SEA,SF,2.1
2019,17,Johnny Mundt,TE,LA,ARI,1.2
2019,17,Jonnu Smith,TE,TEN,HOU,0.7
2019,17,Jordan Akins,TE,HOU,TEN,10.4
2019,17,Jordan Berry,P,PIT,BAL,0.0
2019,17,Jordan Thomas,TE,HOU,TEN,1.8
2019,17,Josh Allen,QB,BUF,NYJ,0.2
2019,17,Josh Hill,TE,NO,CAR,6.5
2019,17,Josh Reynolds,WR,LA,ARI,0.0
2019,17,Joshua Perkins,TE,PHI,NYG,15.0
2019,17,JuJu Smith-Schuster,WR,PIT,BAL,2.6
2019,17,Julian Edelman,WR,NE,MIA,5.6
2019,17,Julio Jones,WR,ATL,TB,14.8
2019,17,Justice Hill,RB,BAL,PIT,11.9
2019,17,Justin Hardy,WR,ATL,TB,7.0
2019,17,Justin Jackson,RB,LAC,KC,1.1
2019,17,Justin Watson,WR,TB,ATL,4.7
2019,17,Kaden Smith,TE,NYG,PHI,17.8
2019,17,Kareem Hunt,RB,CLE,CIN,6.6
2019,17,Keelan Cole,WR,JAX,IND,15.7
2019,17,Keenan Allen,WR,LAC,KC,23.2
2019,17,Keith Smith,FB,ATL,TB,-0.1
2019,17,Keke Coutee,WR,HOU,TEN,1.7
2019,17,Kelvin Harmon,WR,WAS,DAL,6.3
2019,17,Kenny Golladay,WR,DET,GB,10.2
2019,17,Kenyan Drake,RB,ARI,LA,17.3
2019,17,Kerrith Whyte,RB,PIT,BAL,0.1
2019,17,Kerryon Johnson,RB,DET,GB,11.3
2019,17,KhaDarel Hodge,WR,CLE,CIN,2.9
2019,17,Khari Blasingame,FB,TEN,HOU,1.7
2019,17,Kyle Allen,QB,CAR,NO,10.3
2019,17,Kyle Juszczyk,FB,SF,SEA,5.9
2019,17,Kyler Murray,QB,ARI,LA,13.0
2019,17,Laquon Treadwell,WR,MIN,CHI,0.0
2019,17,Larry Fitzgerald,WR,ARI,LA,8.5
2019,17,Latavius Murray,RB,NO,CAR,8.5
2019,17,Le'Veon Bell,RB,NYJ,BUF,12.7
2019,17,Logan Thomas,TE,DET,GB,2.5
2019,17,Luke Stocker,TE,ATL,TB,2.0
2019,17,Malcolm Brown,RB,LA,ARI,10.2
2019,17,Marcedes Lewis,TE,GB,DET,2.2
2019,17,Marcell Ateman,WR,LV,DEN,5.6
2019,17,Marcus Johnson,WR,IND,JAX,5.1
2019,17,Marcus Mariota,QB,TEN,HOU,0.96
2019,17,Marlon Mack,RB,IND,JAX,19.7
2019,17,Marquez Valdes-Scantling,WR,GB,DET,3.9
2019,17,Marquise Brown,WR,BAL,PIT,3.5
2019,17,Marshawn Lynch,RB,SEA,SF,9.4
2019,17,Matt Barkley,QB,BUF,NYJ,2.88
2019,17,Matt Breida,RB,SF,SEA,1.6
2019,17,Matt Haack,P,MIA,NE,0.0
2019,17,Matt Ryan,QB,ATL,TB,14.52
2019,17,Maxx Williams,TE,ARI,LA,3.3
2019,17,Mecole Hardman,WR,KC,LAC,10.0
2019,17,Melvin Gordon,RB,LAC,KC,24.2
2019,17,Michael Gallup,WR,DAL,WAS,32.8
2019,17,Michael Thomas,WR,NO,CAR,7.7
2019,17,Mike Boone,RB,MIN,CHI,24.0
2019,17,Mike Davis,RB,CAR,NO,0.2
2019,17,Mike Gesicki,TE,MIA,NE,13.4
2019,17,Mike Williams,WR,LAC,KC,5.8
2019,17,Miles Boykin,WR,BAL,PIT,0.0
2019,17,Miles Sanders,RB,PHI,NYG,8.1
2019,17,Mitchell Trubisky,QB,CHI,MIN,6.38
2019,17,Mo Alie-Cox,TE,IND,JAX,2.5
2019,17,Mohamed Sanu,WR,NE,MIA,6.5
2019,17,MyCole Pruitt,TE,TEN,HOU,9.3
2019,17,N'Keal Harry,TE,NE,MIA,6.8
2019,17,Nick Boyle,TE,BAL,PIT,1.6
2019,17,Nick Chubb,RB,CLE,CIN,5.2
2019,17,Nick Scott,SS,LA,ARI,0.6
2019,17,Noah Fant,TE,DEN,LV,1.4
2019,17,Nyheim Miller-Hines,RB,IND,JAX,8.6
2019,17,Odell Beckham,WR,CLE,CIN,17.1
2019,17,Olabisi Johnson,WR,MIN,CHI,6.4
2019,17,Olamide Zaccheaus,WR,ATL,TB,4.2
2019,17,Patrick Laird,RB,MIA,NE,10.9
2019,17,Patrick Mahomes,QB,KC,LAC,11.06
2019,17,Peyton Barber,RB,TB,ATL,5.5
2019,17,Pharoh Cooper,WR,ARI,LA,3.4
2019,17,Philip Rivers,QB,LAC,KC,15.74
2019,17,Phillip Dorsett,WR,NE,MIA,6.0
2019,17,Phillip Lindsay,RB,DEN,LV,5.3
2019,17,Qadree Ollison,RB,ATL,TB,0.9
2019,17,Raheem Mostert,RB,SF,SEA,20.3
2019,17,Randall Cobb,WR,DAL,WAS,13.1
2019,17,Rashard Davis,WR,TEN,HOU,2.6
2019,17,Reggie Bonnafon,RB,CAR,NO,6.2
2019,17,Rex Burkhead,RB,NE,MIA,6.4
2019,17,Ricky Ortiz,FB,NO,CAR,1.8
2019,17,Rico Gafford,WR,LV,DEN,2.7
2019,17,Riley Ridley,WR,CHI,MIN,8.4
2019,17,Robbie Chosen,WR,NYJ,BUF,4.8
2019,17,Robert Davis,WR,PHI,NYG,0.0
2019,17,Robert Foster,WR,BUF,NYJ,0.0
2019,17,Robert Griffin,QB,BAL,PIT,6.84
2019,17,Robert Tonyan,TE,GB,DET,2.9
2019,17,Robert Woods,WR,LA,ARI,20.6
2019,17,Ronald Jones,RB,TB,ATL,11.6
2019,17,Royce Freeman,RB,DEN,LV,1.4
2019,17,Russell Gage,WR,ATL,TB,13.8
2019,17,Russell Wilson,QB,SEA,SF,20.22
2019,17,Ryan Fitzpatrick,QB,MIA,NE,24.3
2019,17,Ryan Nall,RB,CHI,MIN,0.8
2019,17,Ryan Tannehill,QB,TEN,HOU,17.92
2019,17,Ryquell Armstead,RB,JAX,IND,19.5
2019,17,Sam Darnold,QB,NYJ,BUF,9.76
2019,17,Samaje Perine,RB,MIA,NE,1.6
2019,17,Sammy Watkins,WR,KC,LAC,1.8
2019,17,Saquon Barkley,RB,NYG,PHI,20.7
2019,17,Sean Mannion,QB,MIN,CHI,-0.96
2019,17,Senorise Perry,RB,BUF,NYJ,1.4
2019,17,Seth DeValve,TE,JAX,IND,1.4
2019,17,Seth Roberts,WR,BAL,PIT,0.0
2019,17,Sony Michel,RB,NE,MIA,13.4
2019,17,Sterling Shepard,WR,NYG,PHI,8.9
2019,17,Steven Mitchell,WR,HOU,TEN,5.7
2019,17,Steven Sims,WR,WAS,DAL,18.5
2019,17,T.J. Yeldon,RB,BUF,NYJ,7.2
2019,17,T.Y. Hilton,WR,IND,JAX,10.2
2019,17,Taiwan Jones,RB,HOU,TEN,5.9
2019,17,Tajae Sharpe,WR,TEN,HOU,2.3
2019,17,Tanner Hudson,TE,TB,ATL,0.0
2019,17,Tarik Cohen,RB,CHI,MIN,15.4
2019,17,Tavon Austin,WR,DAL,WAS,1.1
2019,17,Taysom Hill,TE,NO,CAR,11.9
2019,17,Ted Ginn,WR,NO,CAR,2.0
2019,17,Teddy Bridgewater,QB,NO,CAR,0.26
2019,17,Tevin Coleman,RB,SF,SEA,2.8
2019,17,Tim Patrick,WR,DEN,LV,2.4
2019,17,Todd Gurley,RB,LA,ARI,10.9
2019,17,Tom Brady,QB,NE,MIA,14.84
2019,17,Tommy Sweeney,TE,BUF,NYJ,12.6
2019,17,Tony Pollard,RB,DAL,WAS,7.5
2019,17,Trace McSorley,QB,BAL,PIT,0.1
2019,17,Travis Fulgham,WR,DET,GB,0.0
2019,17,Travis Homer,RB,SEA,SF,14.2
2019,17,Travis Kelce,TE,KC,LAC,5.4
2019,17,Tre'Quan Smith,WR,NO,CAR,16.6
2019,17,Trevon Wesco,TE,NYJ,BUF,0.0
2019,17,Troy Fumagalli,TE,DEN,LV,1.9
2019,17,Ty Johnson,RB,DET,GB,6.5
2019,17,Ty Sambrailo,T,ATL,TB,10.5
2019,17,Tyler Boyd,WR,CIN,CLE,10.9
2019,17,Tyler Conklin,TE,MIN,CHI,1.9
2019,17,Tyler Eifert,TE,CIN,CLE,5.4
2019,17,Tyler Ervin,RB,GB,DET,2.5
2019,17,Tyler Higbee,TE,LA,ARI,22.4
2019,17,Tyler Kroft,TE,BUF,NYJ,1.5
2019,17,Tyler Lockett,WR,SEA,SF,17.1
2019,17,Tyreek Hill,WR,KC,LAC,10.1
2019,17,Tyrone Swoopes,TE,SEA,SF,1.5
2019,17,Vance McDonald,TE,PIT,BAL,3.9
2019,17,Virgil Green,TE,LAC,KC,0.0
2019,17,Vyncint Smith,WR,NYJ,BUF,8.6
2019,17,Wendell Smallwood,RB,WAS,DAL,0.5
2019,17,Will Grier,QB,CAR,NO,-3.34
2019,17,Willie Snead,WR,BAL,PIT,5.2
2019,17,Zach Pascal,WR,IND,JAX,2.4
2019,17,Zay Jones,WR,LV,DEN,4.1
